State,Time,Device,Unit
54.6,2024-09-14 08:20:41,SSHUM_sensor,C
54.6,2024-09-14 08:21:06,SSHUM_sensor,C
54.6,2024-09-14 08:21:31,SSHUM_sensor,C
54.6,2024-09-14 08:21:56,SSHUM_sensor,C
54.6,2024-09-14 08:22:21,SSHUM_sensor,C
54.6,2024-09-14 08:22:46,SSHUM_sensor,C
54.6,2024-09-14 08:23:11,SSHUM_sensor,C
54.6,2024-09-14 08:23:36,SSHUM_sensor,C
54.6,2024-09-14 08:24:01,SSHUM_sensor,C
54.6,2024-09-14 08:24:26,SSHUM_sensor,C
54.6,2024-09-14 08:24:51,SSHUM_sensor,C
54.6,2024-09-14 08:25:16,SSHUM_sensor,C
54.6,2024-09-14 08:25:41,SSHUM_sensor,C
54.6,2024-09-14 08:26:06,SSHUM_sensor,C
54.6,2024-09-14 08:26:31,SSHUM_sensor,C
54.6,2024-09-14 08:26:56,SSHUM_sensor,C
54.6,2024-09-14 08:27:21,SSHUM_sensor,C
54.6,2024-09-14 08:27:46,SSHUM_sensor,C
54.56,2024-09-14 08:28:11,SSHUM_sensor,C
54.56,2024-09-14 08:28:36,SSHUM_sensor,C
54.561600000000006,2024-09-14 08:29:01,SSHUM_sensor,C
54.561600000000006,2024-09-14 08:29:26,SSHUM_sensor,C
54.546176,2024-09-14 08:29:51,SSHUM_sensor,C
54.527705600000004,2024-09-14 08:30:16,SSHUM_sensor,C
54.51662336,2024-09-14 08:30:41,SSHUM_sensor,C
54.509974016,2024-09-14 08:31:06,SSHUM_sensor,C
54.5059844096,2024-09-14 08:31:31,SSHUM_sensor,C
54.50359064576,2024-09-14 08:31:56,SSHUM_sensor,C
54.462154387455996,2024-09-14 08:32:21,SSHUM_sensor,C
54.4372926324736,2024-09-14 08:32:46,SSHUM_sensor,C
54.422375579484154,2024-09-14 08:33:11,SSHUM_sensor,C
54.41342534769049,2024-09-14 08:33:36,SSHUM_sensor,C
54.4080552086143,2024-09-14 08:34:01,SSHUM_sensor,C
54.40483312516858,2024-09-14 08:34:26,SSHUM_sensor,C
54.40289987510114,2024-09-14 08:34:51,SSHUM_sensor,C
54.40173992506068,2024-09-14 08:35:16,SSHUM_sensor,C
54.401043955036414,2024-09-14 08:35:41,SSHUM_sensor,C
54.40062637302185,2024-09-14 08:36:06,SSHUM_sensor,C
54.36037582381311,2024-09-14 08:36:31,SSHUM_sensor,C
54.33622549428786,2024-09-14 08:36:56,SSHUM_sensor,C
54.32173529657271,2024-09-14 08:37:21,SSHUM_sensor,C
54.32173529657271,2024-09-14 08:37:46,SSHUM_sensor,C
54.347824706766175,2024-09-14 08:38:11,SSHUM_sensor,C
54.347824706766175,2024-09-14 08:38:36,SSHUM_sensor,C
54.34121689443582,2024-09-14 08:39:01,SSHUM_sensor,C
54.324730136661486,2024-09-14 08:39:26,SSHUM_sensor,C
54.31483808199689,2024-09-14 08:39:51,SSHUM_sensor,C
54.31483808199689,2024-09-14 08:40:16,SSHUM_sensor,C
54.34534170951888,2024-09-14 08:40:41,SSHUM_sensor,C
54.34534170951888,2024-09-14 08:41:06,SSHUM_sensor,C
54.3403230154268,2024-09-14 08:41:31,SSHUM_sensor,C
54.32419380925607,2024-09-14 08:41:56,SSHUM_sensor,C
54.314516285553644,2024-09-14 08:42:21,SSHUM_sensor,C
54.30870977133218,2024-09-14 08:42:46,SSHUM_sensor,C
54.305225862799304,2024-09-14 08:43:11,SSHUM_sensor,C
54.30313551767958,2024-09-14 08:43:36,SSHUM_sensor,C
54.30188131060775,2024-09-14 08:44:01,SSHUM_sensor,C
54.30112878636464,2024-09-14 08:44:26,SSHUM_sensor,C
54.300677271818785,2024-09-14 08:44:51,SSHUM_sensor,C
54.30040636309127,2024-09-14 08:45:16,SSHUM_sensor,C
54.26024381785476,2024-09-14 08:45:41,SSHUM_sensor,C
54.23614629071285,2024-09-14 08:46:06,SSHUM_sensor,C
54.22168777442771,2024-09-14 08:46:31,SSHUM_sensor,C
54.21301266465663,2024-09-14 08:46:56,SSHUM_sensor,C
54.20780759879398,2024-09-14 08:47:21,SSHUM_sensor,C
54.20468455927639,2024-09-14 08:47:46,SSHUM_sensor,C
54.20281073556583,2024-09-14 08:48:11,SSHUM_sensor,C
54.201686441339504,2024-09-14 08:48:36,SSHUM_sensor,C
54.201011864803704,2024-09-14 08:49:01,SSHUM_sensor,C
54.20060711888222,2024-09-14 08:49:26,SSHUM_sensor,C
54.16036427132933,2024-09-14 08:49:51,SSHUM_sensor,C
54.136218562797595,2024-09-14 08:50:16,SSHUM_sensor,C
54.12173113767856,2024-09-14 08:50:41,SSHUM_sensor,C
54.11303868260713,2024-09-14 08:51:06,SSHUM_sensor,C
54.10782320956428,2024-09-14 08:51:31,SSHUM_sensor,C
54.104693925738566,2024-09-14 08:51:56,SSHUM_sensor,C
54.10281635544314,2024-09-14 08:52:21,SSHUM_sensor,C
54.101689813265885,2024-09-14 08:52:46,SSHUM_sensor,C
54.10101388795953,2024-09-14 08:53:11,SSHUM_sensor,C
54.10060833277572,2024-09-14 08:53:36,SSHUM_sensor,C
54.06036499966543,2024-09-14 08:54:01,SSHUM_sensor,C
54.03621899979926,2024-09-14 08:54:26,SSHUM_sensor,C
54.021731399879556,2024-09-14 08:54:51,SSHUM_sensor,C
54.01303883992773,2024-09-14 08:55:16,SSHUM_sensor,C
54.00782330395664,2024-09-14 08:55:41,SSHUM_sensor,C
54.004693982373986,2024-09-14 08:56:06,SSHUM_sensor,C
54.00281638942439,2024-09-14 08:56:31,SSHUM_sensor,C
54.00168983365463,2024-09-14 08:56:56,SSHUM_sensor,C
54.00101390019278,2024-09-14 08:57:21,SSHUM_sensor,C
54.00060834011567,2024-09-14 08:57:46,SSHUM_sensor,C
54.0003650040694,2024-09-14 08:58:11,SSHUM_sensor,C
54.00021900244164,2024-09-14 08:58:36,SSHUM_sensor,C
54.000131401464984,2024-09-14 08:59:01,SSHUM_sensor,C
54.00007884087899,2024-09-14 08:59:26,SSHUM_sensor,C
53.96004730452739,2024-09-14 08:59:51,SSHUM_sensor,C
53.93602838271644,2024-09-14 09:00:16,SSHUM_sensor,C
53.921617029629864,2024-09-14 09:00:41,SSHUM_sensor,C
53.91297021777792,2024-09-14 09:01:06,SSHUM_sensor,C
53.90778213066675,2024-09-14 09:01:31,SSHUM_sensor,C
53.90466927840005,2024-09-14 09:01:56,SSHUM_sensor,C
53.90280156704003,2024-09-14 09:02:21,SSHUM_sensor,C
53.90168094022402,2024-09-14 09:02:46,SSHUM_sensor,C
53.901008564134415,2024-09-14 09:03:11,SSHUM_sensor,C
53.90060513848065,2024-09-14 09:03:36,SSHUM_sensor,C
53.90036308308839,2024-09-14 09:04:01,SSHUM_sensor,C
53.900217849853036,2024-09-14 09:04:26,SSHUM_sensor,C
53.90013070991182,2024-09-14 09:04:51,SSHUM_sensor,C
53.90007842594709,2024-09-14 09:05:16,SSHUM_sensor,C
53.86004705556826,2024-09-14 09:05:41,SSHUM_sensor,C
53.836028233340954,2024-09-14 09:06:06,SSHUM_sensor,C
53.821616940004574,2024-09-14 09:06:31,SSHUM_sensor,C
53.81297016400275,2024-09-14 09:06:56,SSHUM_sensor,C
53.807782098401645,2024-09-14 09:07:21,SSHUM_sensor,C
53.80466925904099,2024-09-14 09:07:46,SSHUM_sensor,C
53.762801555424595,2024-09-14 09:08:11,SSHUM_sensor,C
53.73768093325476,2024-09-14 09:08:36,SSHUM_sensor,C
53.72260855995286,2024-09-14 09:09:01,SSHUM_sensor,C
53.71356513597172,2024-09-14 09:09:26,SSHUM_sensor,C
53.708139081583035,2024-09-14 09:09:51,SSHUM_sensor,C
53.70488344894982,2024-09-14 09:10:16,SSHUM_sensor,C
53.7029300693699,2024-09-14 09:10:41,SSHUM_sensor,C
53.70175804162194,2024-09-14 09:11:06,SSHUM_sensor,C
53.661054824973164,2024-09-14 09:11:31,SSHUM_sensor,C
53.636632894983904,2024-09-14 09:11:56,SSHUM_sensor,C
53.62197973699034,2024-09-14 09:12:21,SSHUM_sensor,C
53.61318784219421,2024-09-14 09:12:46,SSHUM_sensor,C
53.60791270531652,2024-09-14 09:13:11,SSHUM_sensor,C
53.60474762318991,2024-09-14 09:13:36,SSHUM_sensor,C
53.56284857391394,2024-09-14 09:14:01,SSHUM_sensor,C
53.53770914434837,2024-09-14 09:14:26,SSHUM_sensor,C
53.522625486609016,2024-09-14 09:14:51,SSHUM_sensor,C
53.51357529196541,2024-09-14 09:15:16,SSHUM_sensor,C
53.468145175179245,2024-09-14 09:15:41,SSHUM_sensor,C
53.46453226306453,2024-09-14 09:16:06,SSHUM_sensor,C
53.46453226306453,2024-09-14 09:16:31,SSHUM_sensor,C
53.46453226306453,2024-09-14 09:16:56,SSHUM_sensor,C
53.44723161470323,2024-09-14 09:17:21,SSHUM_sensor,C
53.42833896882193,2024-09-14 09:17:46,SSHUM_sensor,C
53.417003381293156,2024-09-14 09:18:11,SSHUM_sensor,C
53.41020202877589,2024-09-14 09:18:36,SSHUM_sensor,C
53.36612121726554,2024-09-14 09:19:01,SSHUM_sensor,C
53.33967273035932,2024-09-14 09:19:26,SSHUM_sensor,C
53.32380363821559,2024-09-14 09:19:51,SSHUM_sensor,C
53.31428218292935,2024-09-14 09:20:16,SSHUM_sensor,C
53.30856930975761,2024-09-14 09:20:41,SSHUM_sensor,C
53.305141585854564,2024-09-14 09:21:06,SSHUM_sensor,C
53.30308495151274,2024-09-14 09:21:31,SSHUM_sensor,C
53.30185097090764,2024-09-14 09:21:56,SSHUM_sensor,C
53.26111058254458,2024-09-14 09:22:21,SSHUM_sensor,C
53.23666634952675,2024-09-14 09:22:46,SSHUM_sensor,C
53.22199980971605,2024-09-14 09:23:11,SSHUM_sensor,C
53.21319988582963,2024-09-14 09:23:36,SSHUM_sensor,C
53.20791993149778,2024-09-14 09:24:01,SSHUM_sensor,C
53.20475195889867,2024-09-14 09:24:26,SSHUM_sensor,C
53.1628511753392,2024-09-14 09:24:51,SSHUM_sensor,C
53.162626423122106,2024-09-14 09:25:16,SSHUM_sensor,C
53.162626423122106,2024-09-14 09:25:41,SSHUM_sensor,C
53.162626423122106,2024-09-14 09:26:06,SSHUM_sensor,C
53.14654551232396,2024-09-14 09:26:31,SSHUM_sensor,C
53.12792730739437,2024-09-14 09:26:56,SSHUM_sensor,C
53.11675638443663,2024-09-14 09:27:21,SSHUM_sensor,C
53.110053830661975,2024-09-14 09:27:46,SSHUM_sensor,C
53.10603229839718,2024-09-14 09:28:11,SSHUM_sensor,C
53.10361937903831,2024-09-14 09:28:36,SSHUM_sensor,C
53.10217162742298,2024-09-14 09:29:01,SSHUM_sensor,C
53.101302976453795,2024-09-14 09:29:26,SSHUM_sensor,C
53.10078178587228,2024-09-14 09:29:51,SSHUM_sensor,C
53.100469071523364,2024-09-14 09:30:16,SSHUM_sensor,C
53.06028144291402,2024-09-14 09:30:41,SSHUM_sensor,C
53.03616886574841,2024-09-14 09:31:06,SSHUM_sensor,C
53.02170131944905,2024-09-14 09:31:31,SSHUM_sensor,C
53.01302079166943,2024-09-14 09:31:56,SSHUM_sensor,C
53.00781247500166,2024-09-14 09:32:21,SSHUM_sensor,C
53.004687485001,2024-09-14 09:32:46,SSHUM_sensor,C
53.0028124910006,2024-09-14 09:33:11,SSHUM_sensor,C
53.00168749460036,2024-09-14 09:33:36,SSHUM_sensor,C
53.00101249676022,2024-09-14 09:34:01,SSHUM_sensor,C
53.000607498056134,2024-09-14 09:34:26,SSHUM_sensor,C
53.00036449883368,2024-09-14 09:34:51,SSHUM_sensor,C
53.00021869930021,2024-09-14 09:35:16,SSHUM_sensor,C
52.96013121958013,2024-09-14 09:35:41,SSHUM_sensor,C
52.936078731748076,2024-09-14 09:36:06,SSHUM_sensor,C
52.921647239048845,2024-09-14 09:36:31,SSHUM_sensor,C
52.912988343429305,2024-09-14 09:36:56,SSHUM_sensor,C
52.90779300605758,2024-09-14 09:37:21,SSHUM_sensor,C
52.90467580363455,2024-09-14 09:37:46,SSHUM_sensor,C
52.86280548218073,2024-09-14 09:38:11,SSHUM_sensor,C
52.837683289308444,2024-09-14 09:38:36,SSHUM_sensor,C
52.82260997358507,2024-09-14 09:39:01,SSHUM_sensor,C
52.81356598415104,2024-09-14 09:39:26,SSHUM_sensor,C
52.808139590490626,2024-09-14 09:39:51,SSHUM_sensor,C
52.80488375429438,2024-09-14 09:40:16,SSHUM_sensor,C
52.80293025257663,2024-09-14 09:40:41,SSHUM_sensor,C
52.80175815154598,2024-09-14 09:41:06,SSHUM_sensor,C
52.80105489092759,2024-09-14 09:41:31,SSHUM_sensor,C
52.80063293455655,2024-09-14 09:41:56,SSHUM_sensor,C
52.80037976073393,2024-09-14 09:42:21,SSHUM_sensor,C
52.80022785644036,2024-09-14 09:42:46,SSHUM_sensor,C
52.76013671386421,2024-09-14 09:43:11,SSHUM_sensor,C
52.73608202831853,2024-09-14 09:43:36,SSHUM_sensor,C
52.72164921699112,2024-09-14 09:44:01,SSHUM_sensor,C
52.72164921699112,2024-09-14 09:44:26,SSHUM_sensor,C
52.74779371811681,2024-09-14 09:44:51,SSHUM_sensor,C
52.74779371811681,2024-09-14 09:45:16,SSHUM_sensor,C
52.741205738522055,2024-09-14 09:45:41,SSHUM_sensor,C
52.724723443113234,2024-09-14 09:46:06,SSHUM_sensor,C
52.71483406586794,2024-09-14 09:46:31,SSHUM_sensor,C
52.70890043952076,2024-09-14 09:46:56,SSHUM_sensor,C
52.70534026371246,2024-09-14 09:47:21,SSHUM_sensor,C
52.70320415822748,2024-09-14 09:47:46,SSHUM_sensor,C
52.70192249493648,2024-09-14 09:48:11,SSHUM_sensor,C
52.70115349696189,2024-09-14 09:48:36,SSHUM_sensor,C
52.700692098177136,2024-09-14 09:49:01,SSHUM_sensor,C
52.70041525890628,2024-09-14 09:49:26,SSHUM_sensor,C
52.70024915534377,2024-09-14 09:49:51,SSHUM_sensor,C
52.70014949320626,2024-09-14 09:50:16,SSHUM_sensor,C
52.70008969592376,2024-09-14 09:50:41,SSHUM_sensor,C
52.700053817554256,2024-09-14 09:51:06,SSHUM_sensor,C
52.660032290532556,2024-09-14 09:51:31,SSHUM_sensor,C
52.63601937431953,2024-09-14 09:51:56,SSHUM_sensor,C
52.62161162459172,2024-09-14 09:52:21,SSHUM_sensor,C
52.61296697475504,2024-09-14 09:52:46,SSHUM_sensor,C
52.60778018485303,2024-09-14 09:53:11,SSHUM_sensor,C
52.60466811091182,2024-09-14 09:53:36,SSHUM_sensor,C
52.60280086654709,2024-09-14 09:54:01,SSHUM_sensor,C
52.60168051992825,2024-09-14 09:54:26,SSHUM_sensor,C
52.60100831195695,2024-09-14 09:54:51,SSHUM_sensor,C
52.60060498717417,2024-09-14 09:55:16,SSHUM_sensor,C
52.600362992304504,2024-09-14 09:55:41,SSHUM_sensor,C
52.600217795382704,2024-09-14 09:56:06,SSHUM_sensor,C
52.56013067722962,2024-09-14 09:56:31,SSHUM_sensor,C
52.53607840633777,2024-09-14 09:56:56,SSHUM_sensor,C
52.52164704380266,2024-09-14 09:57:21,SSHUM_sensor,C
52.51298822628159,2024-09-14 09:57:46,SSHUM_sensor,C
52.507792935768954,2024-09-14 09:58:11,SSHUM_sensor,C
52.50467576146137,2024-09-14 09:58:36,SSHUM_sensor,C
52.50280545687682,2024-09-14 09:59:01,SSHUM_sensor,C
52.501683274126094,2024-09-14 09:59:26,SSHUM_sensor,C
52.50100996447566,2024-09-14 09:59:51,SSHUM_sensor,C
52.50060597868539,2024-09-14 10:00:16,SSHUM_sensor,C
52.46036358721123,2024-09-14 10:00:41,SSHUM_sensor,C
52.43621815232674,2024-09-14 10:01:06,SSHUM_sensor,C
52.42173089139604,2024-09-14 10:01:31,SSHUM_sensor,C
52.413038534837625,2024-09-14 10:01:56,SSHUM_sensor,C
52.36782312090257,2024-09-14 10:02:21,SSHUM_sensor,C
52.36441632352492,2024-09-14 10:02:46,SSHUM_sensor,C
52.36441632352492,2024-09-14 10:03:11,SSHUM_sensor,C
52.37864979411495,2024-09-14 10:03:36,SSHUM_sensor,C
52.387189876468966,2024-09-14 10:04:01,SSHUM_sensor,C
52.387189876468966,2024-09-14 10:04:26,SSHUM_sensor,C
52.35538835552883,2024-09-14 10:04:51,SSHUM_sensor,C
52.35538835552883,2024-09-14 10:05:16,SSHUM_sensor,C
52.35993980799038,2024-09-14 10:05:41,SSHUM_sensor,C
52.35993980799038,2024-09-14 10:06:06,SSHUM_sensor,C
52.345578330876535,2024-09-14 10:06:31,SSHUM_sensor,C
52.327346998525925,2024-09-14 10:06:56,SSHUM_sensor,C
52.31640819911556,2024-09-14 10:07:21,SSHUM_sensor,C
52.309844919469334,2024-09-14 10:07:46,SSHUM_sensor,C
52.3059069516816,2024-09-14 10:08:11,SSHUM_sensor,C
52.30354417100896,2024-09-14 10:08:36,SSHUM_sensor,C
52.262126502605376,2024-09-14 10:09:01,SSHUM_sensor,C
52.262126502605376,2024-09-14 10:09:26,SSHUM_sensor,C
52.262365540937935,2024-09-14 10:09:51,SSHUM_sensor,C
52.262365540937935,2024-09-14 10:10:16,SSHUM_sensor,C
52.24645159473766,2024-09-14 10:10:41,SSHUM_sensor,C
52.227870956842594,2024-09-14 10:11:06,SSHUM_sensor,C
52.21672257410556,2024-09-14 10:11:31,SSHUM_sensor,C
52.210033544463336,2024-09-14 10:11:56,SSHUM_sensor,C
52.206020126678,2024-09-14 10:12:21,SSHUM_sensor,C
52.2036120760068,2024-09-14 10:12:46,SSHUM_sensor,C
52.20216724560408,2024-09-14 10:13:11,SSHUM_sensor,C
52.20130034736245,2024-09-14 10:13:36,SSHUM_sensor,C
52.20078020841747,2024-09-14 10:14:01,SSHUM_sensor,C
52.200468125050485,2024-09-14 10:14:26,SSHUM_sensor,C
52.20028087503029,2024-09-14 10:14:51,SSHUM_sensor,C
52.20016852501817,2024-09-14 10:15:16,SSHUM_sensor,C
52.2001011150109,2024-09-14 10:15:41,SSHUM_sensor,C
52.20006066900655,2024-09-14 10:16:06,SSHUM_sensor,C
52.16003640140393,2024-09-14 10:16:31,SSHUM_sensor,C
52.16003640140393,2024-09-14 10:16:56,SSHUM_sensor,C
52.16161310450542,2024-09-14 10:17:21,SSHUM_sensor,C
52.16161310450542,2024-09-14 10:17:46,SSHUM_sensor,C
52.14618071762195,2024-09-14 10:18:11,SSHUM_sensor,C
52.12770843057317,2024-09-14 10:18:36,SSHUM_sensor,C
52.11662505834391,2024-09-14 10:19:01,SSHUM_sensor,C
52.10997503500634,2024-09-14 10:19:26,SSHUM_sensor,C
52.105985021003804,2024-09-14 10:19:51,SSHUM_sensor,C
52.10359101260228,2024-09-14 10:20:16,SSHUM_sensor,C
52.102154607561374,2024-09-14 10:20:41,SSHUM_sensor,C
52.10129276453682,2024-09-14 10:21:06,SSHUM_sensor,C
52.06077565872209,2024-09-14 10:21:31,SSHUM_sensor,C
52.03646539523325,2024-09-14 10:21:56,SSHUM_sensor,C
52.02187923713995,2024-09-14 10:22:21,SSHUM_sensor,C
52.01312754228397,2024-09-14 10:22:46,SSHUM_sensor,C
52.00787652537038,2024-09-14 10:23:11,SSHUM_sensor,C
52.004725915222224,2024-09-14 10:23:36,SSHUM_sensor,C
52.00283554913334,2024-09-14 10:24:01,SSHUM_sensor,C
52.00170132948,2024-09-14 10:24:26,SSHUM_sensor,C
51.961020797688,2024-09-14 10:24:51,SSHUM_sensor,C
51.9366124786128,2024-09-14 10:25:16,SSHUM_sensor,C
51.92196748716768,2024-09-14 10:25:41,SSHUM_sensor,C
51.91318049230061,2024-09-14 10:26:06,SSHUM_sensor,C
51.907908295380366,2024-09-14 10:26:31,SSHUM_sensor,C
51.90474497722822,2024-09-14 10:26:56,SSHUM_sensor,C
51.90284698633693,2024-09-14 10:27:21,SSHUM_sensor,C
51.90170819180216,2024-09-14 10:27:46,SSHUM_sensor,C
51.86102491508129,2024-09-14 10:28:11,SSHUM_sensor,C
51.836614949048766,2024-09-14 10:28:36,SSHUM_sensor,C
51.82196896942926,2024-09-14 10:29:01,SSHUM_sensor,C
44.57590882899453,2024-09-14 10:29:26,SSHUM_sensor,C
44.57590882899453,2024-09-14 10:29:51,SSHUM_sensor,C
47.50554529739672,2024-09-14 10:30:16,SSHUM_sensor,C
49.26332717843803,2024-09-14 10:30:41,SSHUM_sensor,C
50.31799630706282,2024-09-14 10:31:06,SSHUM_sensor,C
50.95079778423769,2024-09-14 10:31:31,SSHUM_sensor,C
51.33047867054262,2024-09-14 10:31:56,SSHUM_sensor,C
51.55828720232557,2024-09-14 10:32:21,SSHUM_sensor,C
51.69497232139534,2024-09-14 10:32:46,SSHUM_sensor,C
51.77698339283721,2024-09-14 10:33:11,SSHUM_sensor,C
51.826190035702325,2024-09-14 10:33:36,SSHUM_sensor,C
51.8957140214214,2024-09-14 10:34:01,SSHUM_sensor,C
51.93742841285284,2024-09-14 10:34:26,SSHUM_sensor,C
51.9624570477117,2024-09-14 10:34:51,SSHUM_sensor,C
51.9624570477117,2024-09-14 10:35:16,SSHUM_sensor,C
51.94648453717621,2024-09-14 10:35:41,SSHUM_sensor,C
51.927890722305726,2024-09-14 10:36:06,SSHUM_sensor,C
51.91673443338344,2024-09-14 10:36:31,SSHUM_sensor,C
51.91004066003006,2024-09-14 10:36:56,SSHUM_sensor,C
51.90602439601804,2024-09-14 10:37:21,SSHUM_sensor,C
51.90361463761083,2024-09-14 10:37:46,SSHUM_sensor,C
51.9021687825665,2024-09-14 10:38:11,SSHUM_sensor,C
51.9013012695399,2024-09-14 10:38:36,SSHUM_sensor,C
51.90078076172394,2024-09-14 10:39:01,SSHUM_sensor,C
51.900468457034364,2024-09-14 10:39:26,SSHUM_sensor,C
51.900281074220615,2024-09-14 10:39:51,SSHUM_sensor,C
51.90016864453237,2024-09-14 10:40:16,SSHUM_sensor,C
51.900101186719425,2024-09-14 10:40:41,SSHUM_sensor,C
51.90006071203166,2024-09-14 10:41:06,SSHUM_sensor,C
51.86003642721899,2024-09-14 10:41:31,SSHUM_sensor,C
51.83602185633139,2024-09-14 10:41:56,SSHUM_sensor,C
51.82161311379883,2024-09-14 10:42:21,SSHUM_sensor,C
51.8129678682793,2024-09-14 10:42:46,SSHUM_sensor,C
51.80778072096758,2024-09-14 10:43:11,SSHUM_sensor,C
51.80466843258054,2024-09-14 10:43:36,SSHUM_sensor,C
51.80280105954832,2024-09-14 10:44:01,SSHUM_sensor,C
51.80168063572899,2024-09-14 10:44:26,SSHUM_sensor,C
51.76100838143739,2024-09-14 10:44:51,SSHUM_sensor,C
51.76100838143739,2024-09-14 10:45:16,SSHUM_sensor,C
51.76196301731746,2024-09-14 10:45:59,SSHUM_sensor,C
51.77717781039048,2024-09-14 10:46:24,SSHUM_sensor,C
51.78630668623428,2024-09-14 10:46:49,SSHUM_sensor,C
51.79178401174057,2024-09-14 10:47:14,SSHUM_sensor,C
51.795070407044335,2024-09-14 10:47:39,SSHUM_sensor,C
51.7970422442266,2024-09-14 10:48:04,SSHUM_sensor,C
51.79822534653596,2024-09-14 10:48:29,SSHUM_sensor,C
51.79893520792157,2024-09-14 10:48:54,SSHUM_sensor,C
51.79893520792157,2024-09-14 10:49:19,SSHUM_sensor,C
51.75961667485177,2024-09-14 10:50:00,SSHUM_sensor,C
51.73577000491106,2024-09-14 10:50:25,SSHUM_sensor,C
51.72146200294664,2024-09-14 10:50:50,SSHUM_sensor,C
51.71287720176798,2024-09-14 10:51:15,SSHUM_sensor,C
51.66772632106078,2024-09-14 10:51:40,SSHUM_sensor,C
51.64063579263647,2024-09-14 10:52:05,SSHUM_sensor,C
51.624381475581885,2024-09-14 10:52:30,SSHUM_sensor,C
51.624381475581885,2024-09-14 10:52:55,SSHUM_sensor,C
51.64877733120949,2024-09-14 10:53:20,SSHUM_sensor,C
51.669266398725696,2024-09-14 10:53:45,SSHUM_sensor,C
51.72155983923541,2024-09-14 10:54:10,SSHUM_sensor,C
51.731761542124744,2024-09-14 10:54:35,SSHUM_sensor,C
51.731761542124744,2024-09-14 10:55:00,SSHUM_sensor,C
51.71905692527485,2024-09-14 10:55:25,SSHUM_sensor,C
51.71143415516491,2024-09-14 10:55:50,SSHUM_sensor,C
51.706860493098944,2024-09-14 10:56:15,SSHUM_sensor,C
51.664116295859365,2024-09-14 10:56:40,SSHUM_sensor,C
51.63846977751562,2024-09-14 10:57:05,SSHUM_sensor,C
51.62308186650937,2024-09-14 10:57:30,SSHUM_sensor,C
51.61384911990562,2024-09-14 10:57:55,SSHUM_sensor,C
51.60830947194337,2024-09-14 10:58:20,SSHUM_sensor,C
51.60498568316602,2024-09-14 10:58:45,SSHUM_sensor,C
51.602991409899616,2024-09-14 10:59:10,SSHUM_sensor,C
51.601794845939764,2024-09-14 10:59:35,SSHUM_sensor,C
51.60107690756386,2024-09-14 11:00:00,SSHUM_sensor,C
51.60107690756386,2024-09-14 11:00:25,SSHUM_sensor,C
51.64038768672299,2024-09-14 11:00:50,SSHUM_sensor,C
51.6642326120338,2024-09-14 11:01:15,SSHUM_sensor,C
51.678539567220284,2024-09-14 11:01:40,SSHUM_sensor,C
51.678539567220284,2024-09-14 11:02:05,SSHUM_sensor,C
51.652274244199305,2024-09-14 11:02:30,SSHUM_sensor,C
51.63136454651958,2024-09-14 11:02:55,SSHUM_sensor,C
51.618818727911744,2024-09-14 11:03:20,SSHUM_sensor,C
51.61129123674705,2024-09-14 11:03:45,SSHUM_sensor,C
51.60677474204823,2024-09-14 11:04:10,SSHUM_sensor,C
44.354438907137364,2024-09-14 11:04:35,SSHUM_sensor,C
44.354438907137364,2024-09-14 11:05:00,SSHUM_sensor,C
47.25266334428242,2024-09-14 11:05:25,SSHUM_sensor,C
48.99159800656945,2024-09-14 11:05:50,SSHUM_sensor,C
50.03495880394166,2024-09-14 11:06:15,SSHUM_sensor,C
50.660975282365,2024-09-14 11:06:40,SSHUM_sensor,C
51.036585169419,2024-09-14 11:07:05,SSHUM_sensor,C
51.2219511016514,2024-09-14 11:07:30,SSHUM_sensor,C
51.27990239659451,2024-09-14 11:07:55,SSHUM_sensor,C
51.27990239659451,2024-09-14 11:08:20,SSHUM_sensor,C
51.24794143795671,2024-09-14 11:08:45,SSHUM_sensor,C
50.668764862774026,2024-09-14 11:09:10,SSHUM_sensor,C
50.321258917664416,2024-09-14 11:09:35,SSHUM_sensor,C
49.59275535059865,2024-09-14 11:10:00,SSHUM_sensor,C
49.15565321035919,2024-09-14 11:10:25,SSHUM_sensor,C
48.45339192621552,2024-09-14 11:10:50,SSHUM_sensor,C
48.03203515572931,2024-09-14 11:11:15,SSHUM_sensor,C
47.459221093437584,2024-09-14 11:11:40,SSHUM_sensor,C
47.115532656062555,2024-09-14 11:12:05,SSHUM_sensor,C
46.66931959363754,2024-09-14 11:12:30,SSHUM_sensor,C
46.401591756182526,2024-09-14 11:12:55,SSHUM_sensor,C
46.04095505370951,2024-09-14 11:13:20,SSHUM_sensor,C
45.8245730322257,2024-09-14 11:13:45,SSHUM_sensor,C
45.614743819335416,2024-09-14 11:14:10,SSHUM_sensor,C
45.49330777496075,2024-09-14 11:14:35,SSHUM_sensor,C
45.49330777496075,2024-09-14 11:15:00,SSHUM_sensor,C
45.49598466497645,2024-09-14 11:15:25,SSHUM_sensor,C
45.49759079898587,2024-09-14 11:15:50,SSHUM_sensor,C
45.498554479391515,2024-09-14 11:16:15,SSHUM_sensor,C
45.53913268763491,2024-09-14 11:16:40,SSHUM_sensor,C
45.56347961258095,2024-09-14 11:17:05,SSHUM_sensor,C
45.57808776754857,2024-09-14 11:17:30,SSHUM_sensor,C
45.57808776754857,2024-09-14 11:17:55,SSHUM_sensor,C
45.55211159631749,2024-09-14 11:18:20,SSHUM_sensor,C
45.53126695779049,2024-09-14 11:18:45,SSHUM_sensor,C
45.47876017467429,2024-09-14 11:19:10,SSHUM_sensor,C
45.44725610480457,2024-09-14 11:19:35,SSHUM_sensor,C
45.38835366288274,2024-09-14 11:20:00,SSHUM_sensor,C
45.35301219772965,2024-09-14 11:20:25,SSHUM_sensor,C
45.25180731863779,2024-09-14 11:20:50,SSHUM_sensor,C
45.19108439118267,2024-09-14 11:21:15,SSHUM_sensor,C
45.154650634709604,2024-09-14 11:21:40,SSHUM_sensor,C
45.13279038082577,2024-09-14 11:22:05,SSHUM_sensor,C
45.11967422849546,2024-09-14 11:22:30,SSHUM_sensor,C
45.11180453709728,2024-09-14 11:22:55,SSHUM_sensor,C
45.10708272225837,2024-09-14 11:23:20,SSHUM_sensor,C
45.10708272225837,2024-09-14 11:23:45,SSHUM_sensor,C
45.14254978001301,2024-09-14 11:24:10,SSHUM_sensor,C
45.16552986800781,2024-09-14 11:24:35,SSHUM_sensor,C
45.179317920804685,2024-09-14 11:25:00,SSHUM_sensor,C
45.18759075248281,2024-09-14 11:25:25,SSHUM_sensor,C
45.192554451489684,2024-09-14 11:25:50,SSHUM_sensor,C
45.19553267089381,2024-09-14 11:26:15,SSHUM_sensor,C
45.27731960253629,2024-09-14 11:26:40,SSHUM_sensor,C
45.326391761521776,2024-09-14 11:27:05,SSHUM_sensor,C
45.355835056913065,2024-09-14 11:27:30,SSHUM_sensor,C
45.373501034147836,2024-09-14 11:27:55,SSHUM_sensor,C
45.3841006204887,2024-09-14 11:28:20,SSHUM_sensor,C
45.39046037229322,2024-09-14 11:28:45,SSHUM_sensor,C
45.39427622337593,2024-09-14 11:29:10,SSHUM_sensor,C
45.39656573402556,2024-09-14 11:29:35,SSHUM_sensor,C
45.397939440415335,2024-09-14 11:30:00,SSHUM_sensor,C
45.397939440415335,2024-09-14 11:30:26,SSHUM_sensor,C
45.359258198549526,2024-09-14 11:30:50,SSHUM_sensor,C
45.33555491912972,2024-09-14 11:31:15,SSHUM_sensor,C
45.24133295147783,2024-09-14 11:31:40,SSHUM_sensor,C
45.1847997708867,2024-09-14 11:32:06,SSHUM_sensor,C
45.070879862532024,2024-09-14 11:32:30,SSHUM_sensor,C
45.00252791751922,2024-09-14 11:32:55,SSHUM_sensor,C
44.84151675051153,2024-09-14 11:33:20,SSHUM_sensor,C
44.70491005030692,2024-09-14 11:33:45,SSHUM_sensor,C
44.502946030184155,2024-09-14 11:34:10,SSHUM_sensor,C
44.381767618110494,2024-09-14 11:34:36,SSHUM_sensor,C
44.3490605708663,2024-09-14 11:35:01,SSHUM_sensor,C
44.32943634251978,2024-09-14 11:35:26,SSHUM_sensor,C
44.157661805511864,2024-09-14 11:35:51,SSHUM_sensor,C
44.11275824998427,2024-09-14 11:36:16,SSHUM_sensor,C
44.11275824998427,2024-09-14 11:36:41,SSHUM_sensor,C
44.11275824998427,2024-09-14 11:37:06,SSHUM_sensor,C
44.00859296999434,2024-09-14 11:37:31,SSHUM_sensor,C
43.9251557819966,2024-09-14 11:37:56,SSHUM_sensor,C
43.71509346919796,2024-09-14 11:38:21,SSHUM_sensor,C
43.633433648911264,2024-09-14 11:38:46,SSHUM_sensor,C
43.633433648911264,2024-09-14 11:39:11,SSHUM_sensor,C
43.633433648911264,2024-09-14 11:39:36,SSHUM_sensor,C
43.396036113608055,2024-09-14 11:40:01,SSHUM_sensor,C
43.2625730008989,2024-09-14 11:40:26,SSHUM_sensor,C
43.2625730008989,2024-09-14 11:40:51,SSHUM_sensor,C
43.2625730008989,2024-09-14 11:41:16,SSHUM_sensor,C
43.166526280323595,2024-09-14 11:41:41,SSHUM_sensor,C
43.09991576819415,2024-09-14 11:42:06,SSHUM_sensor,C
42.89994946091649,2024-09-14 11:42:31,SSHUM_sensor,C
42.86798180592994,2024-09-14 11:42:56,SSHUM_sensor,C
42.86798180592994,2024-09-14 11:43:21,SSHUM_sensor,C
42.92078908355796,2024-09-14 11:43:46,SSHUM_sensor,C
42.92078908355796,2024-09-14 11:44:11,SSHUM_sensor,C
37.85969044204852,2024-09-14 11:44:36,SSHUM_sensor,C
37.85969044204852,2024-09-14 11:45:01,SSHUM_sensor,C
40.11581426522911,2024-09-14 11:45:26,SSHUM_sensor,C
41.34948855913747,2024-09-14 11:45:51,SSHUM_sensor,C
42.08969313548248,2024-09-14 11:46:16,SSHUM_sensor,C
42.61381588128948,2024-09-14 11:46:41,SSHUM_sensor,C
42.92828952877369,2024-09-14 11:47:06,SSHUM_sensor,C
43.116973717264216,2024-09-14 11:47:31,SSHUM_sensor,C
43.23018423035853,2024-09-14 11:47:56,SSHUM_sensor,C
43.578110538215114,2024-09-14 11:48:21,SSHUM_sensor,C
43.78686632292907,2024-09-14 11:48:46,SSHUM_sensor,C
44.072119793757444,2024-09-14 11:49:11,SSHUM_sensor,C
44.24327187625447,2024-09-14 11:49:36,SSHUM_sensor,C
44.30596312575268,2024-09-14 11:50:01,SSHUM_sensor,C
44.326146725270966,2024-09-14 11:50:26,SSHUM_sensor,C
44.326146725270966,2024-09-14 11:50:51,SSHUM_sensor,C
44.326146725270966,2024-09-14 11:51:16,SSHUM_sensor,C
44.50941282109754,2024-09-14 11:51:41,SSHUM_sensor,C
44.62564769265852,2024-09-14 11:52:06,SSHUM_sensor,C
44.73538861559511,2024-09-14 11:52:31,SSHUM_sensor,C
44.80123316935707,2024-09-14 11:52:56,SSHUM_sensor,C
44.96073990161425,2024-09-14 11:53:21,SSHUM_sensor,C
45.03386636458113,2024-09-14 11:53:46,SSHUM_sensor,C
45.03386636458113,2024-09-14 11:54:11,SSHUM_sensor,C
45.03386636458113,2024-09-14 11:54:36,SSHUM_sensor,C
45.13219189124921,2024-09-14 11:55:01,SSHUM_sensor,C
45.199315134749526,2024-09-14 11:55:26,SSHUM_sensor,C
45.359589080849716,2024-09-14 11:55:51,SSHUM_sensor,C
45.45575344850983,2024-09-14 11:56:16,SSHUM_sensor,C
45.5534520691059,2024-09-14 11:56:41,SSHUM_sensor,C
45.61207124146354,2024-09-14 11:57:06,SSHUM_sensor,C
45.727242744878126,2024-09-14 11:57:31,SSHUM_sensor,C
45.79634564692687,2024-09-14 11:57:56,SSHUM_sensor,C
45.95780738815613,2024-09-14 11:58:21,SSHUM_sensor,C
46.05468443289368,2024-09-14 11:58:46,SSHUM_sensor,C
46.23281065973621,2024-09-14 11:59:11,SSHUM_sensor,C
46.339686395841724,2024-09-14 11:59:36,SSHUM_sensor,C
46.48381183750504,2024-09-14 12:00:01,SSHUM_sensor,C
46.57028710250302,2024-09-14 12:00:26,SSHUM_sensor,C
46.742172261501814,2024-09-14 12:00:51,SSHUM_sensor,C
46.845303356901084,2024-09-14 12:01:16,SSHUM_sensor,C
46.98718201414066,2024-09-14 12:01:41,SSHUM_sensor,C
47.0723092084844,2024-09-14 12:02:06,SSHUM_sensor,C
47.16338552509063,2024-09-14 12:02:31,SSHUM_sensor,C
47.218031315054375,2024-09-14 12:02:56,SSHUM_sensor,C
47.33081878903262,2024-09-14 12:03:21,SSHUM_sensor,C
47.398491273419566,2024-09-14 12:03:46,SSHUM_sensor,C
47.43909476405174,2024-09-14 12:04:11,SSHUM_sensor,C
47.463456858431044,2024-09-14 12:04:36,SSHUM_sensor,C
47.55807411505863,2024-09-14 12:05:01,SSHUM_sensor,C
47.61484446903518,2024-09-14 12:05:26,SSHUM_sensor,C
47.64890668142111,2024-09-14 12:05:51,SSHUM_sensor,C
47.66934400885267,2024-09-14 12:06:16,SSHUM_sensor,C
47.6816064053116,2024-09-14 12:06:41,SSHUM_sensor,C
47.68896384318696,2024-09-14 12:07:06,SSHUM_sensor,C
47.69337830591218,2024-09-14 12:07:31,SSHUM_sensor,C
47.696026983547306,2024-09-14 12:07:56,SSHUM_sensor,C
47.697616190128386,2024-09-14 12:08:21,SSHUM_sensor,C
47.69856971407703,2024-09-14 12:08:46,SSHUM_sensor,C
47.73914182844622,2024-09-14 12:09:11,SSHUM_sensor,C
47.76348509706773,2024-09-14 12:09:36,SSHUM_sensor,C
47.77809105824063,2024-09-14 12:10:01,SSHUM_sensor,C
47.786854634944376,2024-09-14 12:10:26,SSHUM_sensor,C
47.792112780966626,2024-09-14 12:10:51,SSHUM_sensor,C
47.795267668579974,2024-09-14 12:11:16,SSHUM_sensor,C
47.797160601147986,2024-09-14 12:11:41,SSHUM_sensor,C
47.798296360688795,2024-09-14 12:12:06,SSHUM_sensor,C
47.838977816413276,2024-09-14 12:12:31,SSHUM_sensor,C
47.863386689847964,2024-09-14 12:12:56,SSHUM_sensor,C
47.87803201390878,2024-09-14 12:13:21,SSHUM_sensor,C
47.886819208345266,2024-09-14 12:13:46,SSHUM_sensor,C
47.89209152500716,2024-09-14 12:14:11,SSHUM_sensor,C
47.895254915004294,2024-09-14 12:14:36,SSHUM_sensor,C
47.897152949002574,2024-09-14 12:15:01,SSHUM_sensor,C
47.898291769401546,2024-09-14 12:15:26,SSHUM_sensor,C
47.898975061640925,2024-09-14 12:15:51,SSHUM_sensor,C
47.898975061640925,2024-09-14 12:16:16,SSHUM_sensor,C
47.85963102219073,2024-09-14 12:16:41,SSHUM_sensor,C
47.83577861331444,2024-09-14 12:17:06,SSHUM_sensor,C
47.74146716798867,2024-09-14 12:17:31,SSHUM_sensor,C
47.6848803007932,2024-09-14 12:17:56,SSHUM_sensor,C
47.61092818047592,2024-09-14 12:18:21,SSHUM_sensor,C
47.56655690828555,2024-09-14 12:18:46,SSHUM_sensor,C
47.499934144971334,2024-09-14 12:19:11,SSHUM_sensor,C
47.4599604869828,2024-09-14 12:19:36,SSHUM_sensor,C
47.43597629218968,2024-09-14 12:20:01,SSHUM_sensor,C
47.42158577531381,2024-09-14 12:20:26,SSHUM_sensor,C
47.37295146518828,2024-09-14 12:20:51,SSHUM_sensor,C
47.34377087911297,2024-09-14 12:21:16,SSHUM_sensor,C
47.326262527467776,2024-09-14 12:21:41,SSHUM_sensor,C
47.31575751648066,2024-09-14 12:22:06,SSHUM_sensor,C
47.2694545098884,2024-09-14 12:22:31,SSHUM_sensor,C
47.24167270593304,2024-09-14 12:22:56,SSHUM_sensor,C
47.22500362355983,2024-09-14 12:23:21,SSHUM_sensor,C
47.215002174135904,2024-09-14 12:23:46,SSHUM_sensor,C
47.209001304481546,2024-09-14 12:24:11,SSHUM_sensor,C
47.205400782688926,2024-09-14 12:24:36,SSHUM_sensor,C
47.20324046961336,2024-09-14 12:25:01,SSHUM_sensor,C
47.20194428176802,2024-09-14 12:25:26,SSHUM_sensor,C
47.20116656906082,2024-09-14 12:25:51,SSHUM_sensor,C
47.2006999414365,2024-09-14 12:26:16,SSHUM_sensor,C
47.120419964861895,2024-09-14 12:26:41,SSHUM_sensor,C
47.08335118735028,2024-09-14 12:27:06,SSHUM_sensor,C
47.08335118735028,2024-09-14 12:27:31,SSHUM_sensor,C
47.09001071241017,2024-09-14 12:27:56,SSHUM_sensor,C
47.094006427446104,2024-09-14 12:28:21,SSHUM_sensor,C
47.094006427446104,2024-09-14 12:28:46,SSHUM_sensor,C
47.01784231388059,2024-09-14 12:29:11,SSHUM_sensor,C
46.970705388328355,2024-09-14 12:29:36,SSHUM_sensor,C
46.942423232997015,2024-09-14 12:30:01,SSHUM_sensor,C
46.92545393979821,2024-09-14 12:30:26,SSHUM_sensor,C
46.91527236387893,2024-09-14 12:30:51,SSHUM_sensor,C
46.90916341832735,2024-09-14 12:31:16,SSHUM_sensor,C
46.905498050996414,2024-09-14 12:31:41,SSHUM_sensor,C
46.90329883059785,2024-09-14 12:32:06,SSHUM_sensor,C
46.861979298358705,2024-09-14 12:32:31,SSHUM_sensor,C
46.861979298358705,2024-09-14 12:32:56,SSHUM_sensor,C
46.86231254740913,2024-09-14 12:33:21,SSHUM_sensor,C
46.87738752844548,2024-09-14 12:33:46,SSHUM_sensor,C
46.88643251706729,2024-09-14 12:34:11,SSHUM_sensor,C
46.89185951024038,2024-09-14 12:34:36,SSHUM_sensor,C
46.895115706144225,2024-09-14 12:35:01,SSHUM_sensor,C
46.89706942368653,2024-09-14 12:35:26,SSHUM_sensor,C
46.898241654211915,2024-09-14 12:35:51,SSHUM_sensor,C
46.89894499252715,2024-09-14 12:36:16,SSHUM_sensor,C
46.93936699551629,2024-09-14 12:36:41,SSHUM_sensor,C
46.93936699551629,2024-09-14 12:37:06,SSHUM_sensor,C
46.938172118385864,2024-09-14 12:37:31,SSHUM_sensor,C
46.922903271031515,2024-09-14 12:37:56,SSHUM_sensor,C
46.913741962618914,2024-09-14 12:38:21,SSHUM_sensor,C
46.913741962618914,2024-09-14 12:38:46,SSHUM_sensor,C
46.984947106542805,2024-09-14 12:39:11,SSHUM_sensor,C
47.030968263925686,2024-09-14 12:39:36,SSHUM_sensor,C
47.05858095835541,2024-09-14 12:40:01,SSHUM_sensor,C
47.075148575013245,2024-09-14 12:40:26,SSHUM_sensor,C
47.08508914500794,2024-09-14 12:40:51,SSHUM_sensor,C
47.091053487004764,2024-09-14 12:41:16,SSHUM_sensor,C
47.09463209220286,2024-09-14 12:41:41,SSHUM_sensor,C
47.096779255321714,2024-09-14 12:42:06,SSHUM_sensor,C
47.138067553193025,2024-09-14 12:42:31,SSHUM_sensor,C
47.16284053191582,2024-09-14 12:42:56,SSHUM_sensor,C
47.1777043191495,2024-09-14 12:43:21,SSHUM_sensor,C
47.1777043191495,2024-09-14 12:43:46,SSHUM_sensor,C
47.15197355489382,2024-09-14 12:44:11,SSHUM_sensor,C
47.13118413293629,2024-09-14 12:44:36,SSHUM_sensor,C
47.11871047976177,2024-09-14 12:45:01,SSHUM_sensor,C
47.11871047976177,2024-09-14 12:45:26,SSHUM_sensor,C
47.14673577271424,2024-09-14 12:45:51,SSHUM_sensor,C
47.16804146362854,2024-09-14 12:46:16,SSHUM_sensor,C
47.18082487817713,2024-09-14 12:46:41,SSHUM_sensor,C
47.18082487817713,2024-09-14 12:47:06,SSHUM_sensor,C
47.15309695614376,2024-09-14 12:47:31,SSHUM_sensor,C
47.131858173686254,2024-09-14 12:47:56,SSHUM_sensor,C
47.119114904211756,2024-09-14 12:48:21,SSHUM_sensor,C
47.111468942527054,2024-09-14 12:48:46,SSHUM_sensor,C
47.10688136551623,2024-09-14 12:49:11,SSHUM_sensor,C
47.10688136551623,2024-09-14 12:49:36,SSHUM_sensor,C
47.14247729158585,2024-09-14 12:50:01,SSHUM_sensor,C
47.16548637495151,2024-09-14 12:50:26,SSHUM_sensor,C
47.17929182497091,2024-09-14 12:50:51,SSHUM_sensor,C
47.18757509498255,2024-09-14 12:51:16,SSHUM_sensor,C
47.19254505698953,2024-09-14 12:51:41,SSHUM_sensor,C
47.19254505698953,2024-09-14 12:52:06,SSHUM_sensor,C
47.15731622051623,2024-09-14 12:52:31,SSHUM_sensor,C
47.134389732309735,2024-09-14 12:52:56,SSHUM_sensor,C
47.12063383938584,2024-09-14 12:53:21,SSHUM_sensor,C
47.112380303631504,2024-09-14 12:53:46,SSHUM_sensor,C
47.1074281821789,2024-09-14 12:54:11,SSHUM_sensor,C
47.10445690930734,2024-09-14 12:54:36,SSHUM_sensor,C
47.1026741455844,2024-09-14 12:55:01,SSHUM_sensor,C
47.10160448735064,2024-09-14 12:55:26,SSHUM_sensor,C
47.100962692410384,2024-09-14 12:55:51,SSHUM_sensor,C
47.10057761544623,2024-09-14 12:56:16,SSHUM_sensor,C
47.060346569267736,2024-09-14 12:56:41,SSHUM_sensor,C
47.060346569267736,2024-09-14 12:57:06,SSHUM_sensor,C
47.061724764936386,2024-09-14 12:57:31,SSHUM_sensor,C
47.061724764936386,2024-09-14 12:57:56,SSHUM_sensor,C
47.0462209153771,2024-09-14 12:58:21,SSHUM_sensor,C
47.0462209153771,2024-09-14 12:58:46,SSHUM_sensor,C
47.05663952953576,2024-09-14 12:59:11,SSHUM_sensor,C
47.073983717721454,2024-09-14 12:59:36,SSHUM_sensor,C
47.08439023063287,2024-09-14 13:00:01,SSHUM_sensor,C
47.09063413837972,2024-09-14 13:00:26,SSHUM_sensor,C
47.29438048302784,2024-09-14 13:00:51,SSHUM_sensor,C
47.4166282898167,2024-09-14 13:01:16,SSHUM_sensor,C
47.72997697389002,2024-09-14 13:01:41,SSHUM_sensor,C
47.87079171060041,2024-09-14 13:02:06,SSHUM_sensor,C
47.87079171060041,2024-09-14 13:02:31,SSHUM_sensor,C
47.84247502636025,2024-09-14 13:02:56,SSHUM_sensor,C
46.82548501581615,2024-09-14 13:03:21,SSHUM_sensor,C
46.21529100948969,2024-09-14 13:03:46,SSHUM_sensor,C
44.689174605693815,2024-09-14 13:04:11,SSHUM_sensor,C
43.773504763416284,2024-09-14 13:04:36,SSHUM_sensor,C
42.90410285804977,2024-09-14 13:05:01,SSHUM_sensor,C
42.38246171482986,2024-09-14 13:05:26,SSHUM_sensor,C
41.90947702889791,2024-09-14 13:05:51,SSHUM_sensor,C
41.625686217338746,2024-09-14 13:06:16,SSHUM_sensor,C
41.25541173040325,2024-09-14 13:06:41,SSHUM_sensor,C
41.03324703824195,2024-09-14 13:07:06,SSHUM_sensor,C
40.81994822294517,2024-09-14 13:07:31,SSHUM_sensor,C
40.6919689337671,2024-09-14 13:07:56,SSHUM_sensor,C
40.57518136026026,2024-09-14 13:08:21,SSHUM_sensor,C
40.50510881615615,2024-09-14 13:08:46,SSHUM_sensor,C
40.38306528969369,2024-09-14 13:09:11,SSHUM_sensor,C
40.309839173816215,2024-09-14 13:09:36,SSHUM_sensor,C
40.26590350428973,2024-09-14 13:10:01,SSHUM_sensor,C
40.239542102573836,2024-09-14 13:10:26,SSHUM_sensor,C
40.143725261544304,2024-09-14 13:10:51,SSHUM_sensor,C
40.09174109415595,2024-09-14 13:11:16,SSHUM_sensor,C
40.09174109415595,2024-09-14 13:11:41,SSHUM_sensor,C
40.09504465649357,2024-09-14 13:12:06,SSHUM_sensor,C
40.09702679389615,2024-09-14 13:12:31,SSHUM_sensor,C
40.09702679389615,2024-09-14 13:12:56,SSHUM_sensor,C
40.058929645802614,2024-09-14 13:13:21,SSHUM_sensor,C
40.03535778748157,2024-09-14 13:13:46,SSHUM_sensor,C
39.981214672488946,2024-09-14 13:14:11,SSHUM_sensor,C
39.96923728209602,2024-09-14 13:14:36,SSHUM_sensor,C
39.96923728209602,2024-09-14 13:15:01,SSHUM_sensor,C
39.96923728209602,2024-09-14 13:15:26,SSHUM_sensor,C
39.908925421554564,2024-09-14 13:15:51,SSHUM_sensor,C
39.908925421554564,2024-09-14 13:16:16,SSHUM_sensor,C
39.95921315175964,2024-09-14 13:16:41,SSHUM_sensor,C
40.00931673463347,2024-09-14 13:17:06,SSHUM_sensor,C
40.00931673463347,2024-09-14 13:17:31,SSHUM_sensor,C
40.00559004078008,2024-09-14 13:17:56,SSHUM_sensor,C
39.963354024468046,2024-09-14 13:18:21,SSHUM_sensor,C
39.93801241468083,2024-09-14 13:18:46,SSHUM_sensor,C
39.88280744880849,2024-09-14 13:19:11,SSHUM_sensor,C
39.88280744880849,2024-09-14 13:19:36,SSHUM_sensor,C
39.94981068157106,2024-09-14 13:20:01,SSHUM_sensor,C
40.009886408942634,2024-09-14 13:20:26,SSHUM_sensor,C
40.04593184536559,2024-09-14 13:20:51,SSHUM_sensor,C
40.04593184536559,2024-09-14 13:21:16,SSHUM_sensor,C
39.96053546433161,2024-09-14 13:21:41,SSHUM_sensor,C
39.96053546433161,2024-09-14 13:22:06,SSHUM_sensor,C
40.057792767159384,2024-09-14 13:22:31,SSHUM_sensor,C
40.057792767159384,2024-09-14 13:22:56,SSHUM_sensor,C
40.05280539617738,2024-09-14 13:23:21,SSHUM_sensor,C
39.99500994262385,2024-09-14 13:23:46,SSHUM_sensor,C
39.99500994262385,2024-09-14 13:24:11,SSHUM_sensor,C
39.99700596557431,2024-09-14 13:24:36,SSHUM_sensor,C
39.99820357934459,2024-09-14 13:25:01,SSHUM_sensor,C
39.99892214760675,2024-09-14 13:25:26,SSHUM_sensor,C
40.11935328856405,2024-09-14 13:25:51,SSHUM_sensor,C
40.11935328856405,2024-09-14 13:26:16,SSHUM_sensor,C
40.11496718388305,2024-09-14 13:26:41,SSHUM_sensor,C
40.068980310329835,2024-09-14 13:27:06,SSHUM_sensor,C
39.7613881861979,2024-09-14 13:27:31,SSHUM_sensor,C
39.57683291171874,2024-09-14 13:27:56,SSHUM_sensor,C
39.38609974703124,2024-09-14 13:28:21,SSHUM_sensor,C
39.271659848218746,2024-09-14 13:28:46,SSHUM_sensor,C
39.20299590893124,2024-09-14 13:29:11,SSHUM_sensor,C
39.17707852721525,2024-09-14 13:29:36,SSHUM_sensor,C
39.17707852721525,2024-09-14 13:30:01,SSHUM_sensor,C
39.18624711632915,2024-09-14 13:30:26,SSHUM_sensor,C
39.27174826979749,2024-09-14 13:30:51,SSHUM_sensor,C
39.32304896187849,2024-09-14 13:31:16,SSHUM_sensor,C
39.39382937712709,2024-09-14 13:31:41,SSHUM_sensor,C
39.43629762627626,2024-09-14 13:32:06,SSHUM_sensor,C
39.461778575765756,2024-09-14 13:32:31,SSHUM_sensor,C
39.47706714545946,2024-09-14 13:32:56,SSHUM_sensor,C
39.48624028727568,2024-09-14 13:33:21,SSHUM_sensor,C
39.49174417236541,2024-09-14 13:33:46,SSHUM_sensor,C
39.495046503419246,2024-09-14 13:34:11,SSHUM_sensor,C
39.495046503419246,2024-09-14 13:34:36,SSHUM_sensor,C
39.45821674123093,2024-09-14 13:35:01,SSHUM_sensor,C
39.45821674123093,2024-09-14 13:35:26,SSHUM_sensor,C
39.46095802684313,2024-09-14 13:35:51,SSHUM_sensor,C
39.46095802684313,2024-09-14 13:36:16,SSHUM_sensor,C
39.44594488966353,2024-09-14 13:36:41,SSHUM_sensor,C
39.42756693379812,2024-09-14 13:37:06,SSHUM_sensor,C
39.41654016027887,2024-09-14 13:37:31,SSHUM_sensor,C
39.40992409616732,2024-09-14 13:37:56,SSHUM_sensor,C
39.24595445770039,2024-09-14 13:38:21,SSHUM_sensor,C
39.147572674620235,2024-09-14 13:38:46,SSHUM_sensor,C
39.04854360477214,2024-09-14 13:39:11,SSHUM_sensor,C
38.989126162863286,2024-09-14 13:39:36,SSHUM_sensor,C
38.91347569771797,2024-09-14 13:40:01,SSHUM_sensor,C
38.868085418630784,2024-09-14 13:40:26,SSHUM_sensor,C
38.80085125117847,2024-09-14 13:40:51,SSHUM_sensor,C
38.760510750707084,2024-09-14 13:41:16,SSHUM_sensor,C
38.73630645042425,2024-09-14 13:41:41,SSHUM_sensor,C
38.721783870254555,2024-09-14 13:42:06,SSHUM_sensor,C
38.67307032215273,2024-09-14 13:42:31,SSHUM_sensor,C
38.64384219329164,2024-09-14 13:42:56,SSHUM_sensor,C
38.62630531597499,2024-09-14 13:43:21,SSHUM_sensor,C
38.615783189584995,2024-09-14 13:43:46,SSHUM_sensor,C
38.569469913751,2024-09-14 13:44:11,SSHUM_sensor,C
38.5416819482506,2024-09-14 13:44:36,SSHUM_sensor,C
38.52500916895036,2024-09-14 13:45:01,SSHUM_sensor,C
38.51500550137022,2024-09-14 13:45:26,SSHUM_sensor,C
38.50900330082213,2024-09-14 13:45:51,SSHUM_sensor,C
38.505401980493275,2024-09-14 13:46:16,SSHUM_sensor,C
38.46324118829597,2024-09-14 13:46:41,SSHUM_sensor,C
38.43794471297758,2024-09-14 13:47:06,SSHUM_sensor,C
38.382766827786554,2024-09-14 13:47:31,SSHUM_sensor,C
38.36979605800316,2024-09-14 13:47:56,SSHUM_sensor,C
38.36979605800316,2024-09-14 13:48:21,SSHUM_sensor,C
38.381877634801896,2024-09-14 13:48:46,SSHUM_sensor,C
38.38912658088114,2024-09-14 13:49:11,SSHUM_sensor,C
38.38912658088114,2024-09-14 13:49:36,SSHUM_sensor,C
38.316085569117206,2024-09-14 13:50:01,SSHUM_sensor,C
38.26965134147032,2024-09-14 13:50:26,SSHUM_sensor,C
38.201790804882194,2024-09-14 13:50:51,SSHUM_sensor,C
38.16107448292932,2024-09-14 13:51:16,SSHUM_sensor,C
38.05664468975759,2024-09-14 13:51:41,SSHUM_sensor,C
37.99639208831273,2024-09-14 13:52:06,SSHUM_sensor,C
37.99639208831273,2024-09-14 13:52:31,SSHUM_sensor,C
37.99783525298764,2024-09-14 13:52:56,SSHUM_sensor,C
38.078701151792586,2024-09-14 13:53:21,SSHUM_sensor,C
38.078701151792586,2024-09-14 13:53:46,SSHUM_sensor,C
38.07633241464533,2024-09-14 13:54:11,SSHUM_sensor,C
38.067479669272316,2024-09-14 13:54:36,SSHUM_sensor,C
38.067479669272316,2024-09-14 13:55:01,SSHUM_sensor,C
38.08048780156339,2024-09-14 13:55:26,SSHUM_sensor,C
38.12829268093803,2024-09-14 13:55:51,SSHUM_sensor,C
38.1341853651377,2024-09-14 13:56:16,SSHUM_sensor,C
38.1341853651377,2024-09-14 13:56:41,SSHUM_sensor,C
38.1341853651377,2024-09-14 13:57:06,SSHUM_sensor,C
38.15230673144957,2024-09-14 13:57:31,SSHUM_sensor,C
38.15230673144957,2024-09-14 13:57:56,SSHUM_sensor,C
38.142830423321854,2024-09-14 13:58:21,SSHUM_sensor,C
38.142830423321854,2024-09-14 13:58:46,SSHUM_sensor,C
38.15541895239587,2024-09-14 13:59:11,SSHUM_sensor,C
38.15541895239587,2024-09-14 13:59:36,SSHUM_sensor,C
38.143950822862514,2024-09-14 14:00:01,SSHUM_sensor,C
38.143950822862514,2024-09-14 14:00:26,SSHUM_sensor,C
38.15582229623051,2024-09-14 14:00:51,SSHUM_sensor,C
38.15582229623051,2024-09-14 14:01:16,SSHUM_sensor,C
38.144096026642984,2024-09-14 14:01:41,SSHUM_sensor,C
38.144096026642984,2024-09-14 14:02:06,SSHUM_sensor,C
38.155874569591475,2024-09-14 14:02:31,SSHUM_sensor,C
38.155874569591475,2024-09-14 14:02:56,SSHUM_sensor,C
38.10411484505293,2024-09-14 14:03:21,SSHUM_sensor,C
38.07748134421905,2024-09-14 14:03:46,SSHUM_sensor,C
38.07748134421905,2024-09-14 14:04:11,SSHUM_sensor,C
38.07748134421905,2024-09-14 14:04:36,SSHUM_sensor,C
38.05189328391886,2024-09-14 14:05:01,SSHUM_sensor,C
38.031135970351315,2024-09-14 14:05:26,SSHUM_sensor,C
37.97868158221079,2024-09-14 14:05:51,SSHUM_sensor,C
37.96832536959588,2024-09-14 14:06:16,SSHUM_sensor,C
37.96832536959588,2024-09-14 14:06:41,SSHUM_sensor,C
37.96832536959588,2024-09-14 14:07:06,SSHUM_sensor,C
37.90859713305452,2024-09-14 14:07:31,SSHUM_sensor,C
37.86515827983271,2024-09-14 14:07:56,SSHUM_sensor,C
37.83909496789963,2024-09-14 14:08:21,SSHUM_sensor,C
37.82345698073978,2024-09-14 14:08:46,SSHUM_sensor,C
37.81407418844387,2024-09-14 14:09:11,SSHUM_sensor,C
37.80844451306632,2024-09-14 14:09:36,SSHUM_sensor,C
37.80506670783979,2024-09-14 14:10:01,SSHUM_sensor,C
37.80506670783979,2024-09-14 14:10:26,SSHUM_sensor,C
37.84182401482232,2024-09-14 14:10:51,SSHUM_sensor,C
37.86509440889339,2024-09-14 14:11:16,SSHUM_sensor,C
37.919056645336035,2024-09-14 14:11:41,SSHUM_sensor,C
37.95143398720162,2024-09-14 14:12:06,SSHUM_sensor,C
38.05086039232097,2024-09-14 14:12:31,SSHUM_sensor,%
38.11051623539258,2024-09-14 14:12:56,SSHUM_sensor,C
38.18630974123555,2024-09-14 14:13:21,SSHUM_sensor,C
38.2190715068448,2024-09-14 14:13:46,SSHUM_sensor,C
38.2190715068448,2024-09-14 14:14:11,SSHUM_sensor,C
38.2190715068448,2024-09-14 14:14:36,SSHUM_sensor,C
38.32686574246412,2024-09-14 14:15:01,SSHUM_sensor,C
38.357671667287086,2024-09-14 14:15:26,SSHUM_sensor,C
38.357671667287086,2024-09-14 14:15:51,SSHUM_sensor,C
38.357671667287086,2024-09-14 14:16:16,SSHUM_sensor,C
38.40076180022335,2024-09-14 14:16:41,SSHUM_sensor,C
38.44045708013401,2024-09-14 14:17:06,SSHUM_sensor,C
38.46427424808041,2024-09-14 14:17:31,SSHUM_sensor,C
38.46427424808041,2024-09-14 14:17:56,SSHUM_sensor,C
38.447138729308946,2024-09-14 14:18:21,SSHUM_sensor,C
38.447138729308946,2024-09-14 14:18:46,SSHUM_sensor,C
38.45696994255122,2024-09-14 14:19:11,SSHUM_sensor,C
38.45696994255122,2024-09-14 14:19:36,SSHUM_sensor,C
38.44450917931844,2024-09-14 14:20:01,SSHUM_sensor,C
38.426705507591066,2024-09-14 14:20:26,SSHUM_sensor,C
38.376023304554636,2024-09-14 14:20:51,SSHUM_sensor,C
38.345613982732786,2024-09-14 14:21:16,SSHUM_sensor,C
38.32736838963967,2024-09-14 14:21:41,TEMP_sensor,C
38.316421033783804,2024-09-14 14:22:06,TEMP_sensor,C
38.30985262027028,2024-09-14 14:22:31,TEMP_sensor,C
38.30591157216217,2024-09-14 14:22:56,TEMP_sensor,C
38.2635469432973,2024-09-14 14:23:21,TEMP_sensor,C
38.23812816597838,2024-09-14 14:23:46,TEMP_sensor,C
38.30287689958703,2024-09-14 14:24:11,TEMP_sensor,C
38.34172613975221,2024-09-14 14:24:36,TEMP_sensor,C
38.3,2024-09-14 14:25:01,TEMP_sensor,C
