State,Time,Device,Unit
22.5,2024-09-13 20:58:01,TEMP_sensor,C
22.5,2024-09-13 20:58:26,TEMP_sensor,C
22.6,2024-09-13 20:58:51,TEMP_sensor,C
22.6,2024-09-13 20:59:16,TEMP_sensor,C
22.6,2024-09-13 20:59:41,TEMP_sensor,C
22.6,2024-09-13 21:00:06,TEMP_sensor,C
22.6,2024-09-13 21:00:31,TEMP_sensor,C
22.6,2024-09-13 21:00:56,TEMP_sensor,C
22.6,2024-09-13 21:01:21,TEMP_sensor,C
22.6,2024-09-13 21:01:46,TEMP_sensor,C
22.6,2024-09-13 21:02:11,TEMP_sensor,C
22.6,2024-09-13 21:02:36,TEMP_sensor,C
22.560000000000002,2024-09-13 21:03:01,TEMP_sensor,C
22.536,2024-09-13 21:03:26,TEMP_sensor,C
22.5216,2024-09-13 21:03:51,TEMP_sensor,C
22.51296,2024-09-13 21:04:16,TEMP_sensor,C
22.467776,2024-09-13 21:04:41,TEMP_sensor,C
22.4406656,2024-09-13 21:05:06,TEMP_sensor,C
22.38439936,2024-09-13 21:05:31,TEMP_sensor,C
22.350639616,2024-09-13 21:05:56,TEMP_sensor,C
22.2903837696,2024-09-13 21:06:21,TEMP_sensor,C
22.25423026176,2024-09-13 21:06:46,TEMP_sensor,C
22.232538157056,2024-09-13 21:07:11,TEMP_sensor,C
22.2195228942336,2024-09-13 21:07:36,TEMP_sensor,C
22.171713736540163,2024-09-13 21:08:01,TEMP_sensor,C
22.1430282419241,2024-09-13 21:08:26,TEMP_sensor,C
22.12581694515446,2024-09-13 21:08:51,TEMP_sensor,C
22.11549016709268,2024-09-13 21:09:16,TEMP_sensor,C
22.06929410025561,2024-09-13 21:09:41,TEMP_sensor,C
22.041576460153365,2024-09-13 21:10:06,TEMP_sensor,C
22.02494587609202,2024-09-13 21:10:31,TEMP_sensor,C
22.014967525655212,2024-09-13 21:10:56,TEMP_sensor,C
22.008980515393127,2024-09-13 21:11:21,TEMP_sensor,C
22.005388309235876,2024-09-13 21:11:46,TEMP_sensor,C
21.963232985541524,2024-09-13 21:12:11,TEMP_sensor,C
21.937939791324915,2024-09-13 21:12:36,TEMP_sensor,C
21.92276387479495,2024-09-13 21:13:01,TEMP_sensor,C
21.91365832487697,2024-09-13 21:13:26,TEMP_sensor,C
21.90819499492618,2024-09-13 21:13:51,TEMP_sensor,C
21.904916996955706,2024-09-13 21:14:16,TEMP_sensor,C
21.90295019817342,2024-09-13 21:14:41,TEMP_sensor,C
21.901770118904054,2024-09-13 21:15:06,TEMP_sensor,C
21.90106207134243,2024-09-13 21:15:31,TEMP_sensor,C
21.90063724280546,2024-09-13 21:15:56,TEMP_sensor,C
21.900382345683276,2024-09-13 21:16:21,TEMP_sensor,C
21.900229407409967,2024-09-13 21:16:46,TEMP_sensor,C
21.86013764444598,2024-09-13 21:17:11,TEMP_sensor,C
21.836082586667587,2024-09-13 21:17:36,TEMP_sensor,C
21.82164955200055,2024-09-13 21:18:01,TEMP_sensor,C
21.812989731200332,2024-09-13 21:18:26,TEMP_sensor,C
21.7677938387202,2024-09-13 21:18:51,TEMP_sensor,C
21.74067630323212,2024-09-13 21:19:16,TEMP_sensor,C
21.72440578193927,2024-09-13 21:19:41,TEMP_sensor,C
21.714643469163562,2024-09-13 21:20:06,TEMP_sensor,C
21.708786081498136,2024-09-13 21:20:31,TEMP_sensor,C
21.70527164889888,2024-09-13 21:20:56,TEMP_sensor,C
21.703162989339326,2024-09-13 21:21:21,TEMP_sensor,C
21.701897793603592,2024-09-13 21:21:46,TEMP_sensor,C
21.701138676162152,2024-09-13 21:22:11,TEMP_sensor,C
21.70068320569729,2024-09-13 21:22:36,TEMP_sensor,C
21.70040992341837,2024-09-13 21:23:01,TEMP_sensor,C
21.70024595405102,2024-09-13 21:23:26,TEMP_sensor,C
21.70014757243061,2024-09-13 21:23:51,TEMP_sensor,C
21.700088543458364,2024-09-13 21:24:16,TEMP_sensor,C
21.66005312607502,2024-09-13 21:24:41,TEMP_sensor,C
21.63603187564501,2024-09-13 21:25:06,TEMP_sensor,C
21.621619125387006,2024-09-13 21:25:31,TEMP_sensor,C
21.612971475232204,2024-09-13 21:25:56,TEMP_sensor,C
21.567782885139323,2024-09-13 21:26:21,TEMP_sensor,C
21.540669731083593,2024-09-13 21:26:46,TEMP_sensor,C
21.524401838650157,2024-09-13 21:27:11,TEMP_sensor,C
21.514641103190094,2024-09-13 21:27:36,TEMP_sensor,C
21.508784661914056,2024-09-13 21:28:01,TEMP_sensor,C
21.505270797148434,2024-09-13 21:28:26,TEMP_sensor,C
21.50316247828906,2024-09-13 21:28:51,TEMP_sensor,C
21.501897486973434,2024-09-13 21:29:16,TEMP_sensor,C
21.50113849218406,2024-09-13 21:29:41,TEMP_sensor,C
21.500683095310436,2024-09-13 21:30:06,TEMP_sensor,C
21.500409857186263,2024-09-13 21:30:31,TEMP_sensor,C
21.500245914311755,2024-09-13 21:30:56,TEMP_sensor,C
21.460147548587052,2024-09-13 21:31:21,TEMP_sensor,C
21.43608852915223,2024-09-13 21:31:46,TEMP_sensor,C
21.42165311749134,2024-09-13 21:32:11,TEMP_sensor,C
21.412991870494803,2024-09-13 21:32:36,TEMP_sensor,C
21.407795122296882,2024-09-13 21:33:01,TEMP_sensor,C
21.40467707337813,2024-09-13 21:33:26,TEMP_sensor,C
21.402806244026877,2024-09-13 21:33:51,TEMP_sensor,C
21.401683746416126,2024-09-13 21:34:16,TEMP_sensor,C
21.361010247849677,2024-09-13 21:34:41,TEMP_sensor,C
21.336606148709805,2024-09-13 21:35:06,TEMP_sensor,C
21.321963689225882,2024-09-13 21:35:31,TEMP_sensor,C
21.31317821353553,2024-09-13 21:35:56,TEMP_sensor,C
21.30790692812132,2024-09-13 21:36:21,TEMP_sensor,C
21.304744156872793,2024-09-13 21:36:46,TEMP_sensor,C
21.302846494123678,2024-09-13 21:37:11,TEMP_sensor,C
21.301707896474205,2024-09-13 21:37:36,TEMP_sensor,C
21.301024737884525,2024-09-13 21:38:01,TEMP_sensor,C
21.300614842730717,2024-09-13 21:38:26,TEMP_sensor,C
21.30036890563843,2024-09-13 21:38:51,TEMP_sensor,C
21.300221343383058,2024-09-13 21:39:16,TEMP_sensor,C
21.260132806029837,2024-09-13 21:39:41,TEMP_sensor,C
21.236079683617902,2024-09-13 21:40:06,TEMP_sensor,C
21.221647810170744,2024-09-13 21:40:31,TEMP_sensor,C
21.21298868610245,2024-09-13 21:40:56,TEMP_sensor,C
21.207793211661468,2024-09-13 21:41:21,TEMP_sensor,C
21.20467592699688,2024-09-13 21:41:46,TEMP_sensor,C
21.20280555619813,2024-09-13 21:42:11,TEMP_sensor,C
21.201683333718876,2024-09-13 21:42:36,TEMP_sensor,C
21.201010000231328,2024-09-13 21:43:01,TEMP_sensor,C
21.200606000138798,2024-09-13 21:43:26,TEMP_sensor,C
21.20036360008328,2024-09-13 21:43:51,TEMP_sensor,C
21.200218160049968,2024-09-13 21:44:16,TEMP_sensor,C
21.200130896029982,2024-09-13 21:44:41,TEMP_sensor,C
21.20007853761799,2024-09-13 21:45:06,TEMP_sensor,C
21.160047122570795,2024-09-13 21:45:31,TEMP_sensor,C
21.13602827354248,2024-09-13 21:45:56,TEMP_sensor,C
21.121616964125487,2024-09-13 21:46:21,TEMP_sensor,C
21.112970178475294,2024-09-13 21:46:46,TEMP_sensor,C
21.10778210708518,2024-09-13 21:47:11,TEMP_sensor,C
21.104669264251108,2024-09-13 21:47:36,TEMP_sensor,C
21.062801558550664,2024-09-13 21:48:01,TEMP_sensor,C
21.037680935130396,2024-09-13 21:48:26,TEMP_sensor,C
21.022608561078236,2024-09-13 21:48:51,TEMP_sensor,C
21.013565136646942,2024-09-13 21:49:16,TEMP_sensor,C
20.968139081988163,2024-09-13 21:49:41,TEMP_sensor,C
20.940883449192896,2024-09-13 21:50:06,TEMP_sensor,C
20.924530069515736,2024-09-13 21:50:31,TEMP_sensor,C
20.914718041709442,2024-09-13 21:50:56,TEMP_sensor,C
20.908830825025664,2024-09-13 21:51:21,TEMP_sensor,C
20.905298495015398,2024-09-13 21:51:46,TEMP_sensor,C
20.903179097009236,2024-09-13 21:52:11,TEMP_sensor,C
20.901907458205542,2024-09-13 21:52:36,TEMP_sensor,C
20.861144474923325,2024-09-13 21:53:01,TEMP_sensor,C
20.836686684953996,2024-09-13 21:53:26,TEMP_sensor,C
20.822012010972397,2024-09-13 21:53:51,TEMP_sensor,C
20.81320720658344,2024-09-13 21:54:16,TEMP_sensor,C
20.80792432395006,2024-09-13 21:54:41,TEMP_sensor,C
20.80475459437004,2024-09-13 21:55:06,TEMP_sensor,C
20.802852756622023,2024-09-13 21:55:31,TEMP_sensor,C
20.801711653973214,2024-09-13 21:55:56,TEMP_sensor,C
20.801026992383928,2024-09-13 21:56:21,TEMP_sensor,C
20.800616195430358,2024-09-13 21:56:46,TEMP_sensor,C
20.800369717258214,2024-09-13 21:57:11,TEMP_sensor,C
20.80022183035493,2024-09-13 21:57:36,TEMP_sensor,C
20.800133098212957,2024-09-13 21:58:01,TEMP_sensor,C
20.800079858927774,2024-09-13 21:58:26,TEMP_sensor,C
20.800047915356664,2024-09-13 21:58:51,TEMP_sensor,C
20.800028749214,2024-09-13 21:59:16,TEMP_sensor,C
20.800017249528402,2024-09-13 21:59:41,TEMP_sensor,C
20.80001034971704,2024-09-13 22:00:06,TEMP_sensor,C
20.800006209830222,2024-09-13 22:00:31,TEMP_sensor,C
20.800003725898133,2024-09-13 22:00:56,TEMP_sensor,C
20.80000223553888,2024-09-13 22:01:21,TEMP_sensor,C
20.80000134132333,2024-09-13 22:01:46,TEMP_sensor,C
20.800000804793996,2024-09-13 22:02:11,TEMP_sensor,C
20.800000804793996,2024-09-13 22:02:36,TEMP_sensor,C
20.840000289725836,2024-09-13 22:03:01,TEMP_sensor,C
20.8640001738355,2024-09-13 22:03:26,TEMP_sensor,C
20.8784001043013,2024-09-13 22:03:51,TEMP_sensor,C
20.88704006258078,2024-09-13 22:04:16,TEMP_sensor,C
20.892224037548466,2024-09-13 22:04:41,TEMP_sensor,C
20.89533442252908,2024-09-13 22:05:06,TEMP_sensor,C
20.897200653517444,2024-09-13 22:05:31,TEMP_sensor,C
20.898320392110463,2024-09-13 22:05:56,TEMP_sensor,C
20.898992235266277,2024-09-13 22:06:21,TEMP_sensor,C
20.899395341159767,2024-09-13 22:06:46,TEMP_sensor,C
20.93963720469586,2024-09-13 22:07:11,TEMP_sensor,C
20.963782322817515,2024-09-13 22:07:36,TEMP_sensor,C
20.97826939369051,2024-09-13 22:08:01,TEMP_sensor,C
20.986961636214307,2024-09-13 22:08:26,TEMP_sensor,C
20.992176981728583,2024-09-13 22:08:51,TEMP_sensor,C
20.99530618903715,2024-09-13 22:09:16,TEMP_sensor,C
21.037183713422294,2024-09-13 22:09:41,TEMP_sensor,C
21.062310228053377,2024-09-13 22:10:06,TEMP_sensor,C
21.077386136832025,2024-09-13 22:10:31,TEMP_sensor,C
21.086431682099217,2024-09-13 22:10:56,TEMP_sensor,C
21.09185900925953,2024-09-13 22:11:21,TEMP_sensor,C
21.095115405555717,2024-09-13 22:11:46,TEMP_sensor,C
21.13706924333343,2024-09-13 22:12:11,TEMP_sensor,C
21.162241546000057,2024-09-13 22:12:36,TEMP_sensor,C
21.177344927600032,2024-09-13 22:13:01,TEMP_sensor,C
21.18640695656002,2024-09-13 22:13:26,TEMP_sensor,C
21.191844173936012,2024-09-13 22:13:51,TEMP_sensor,C
21.195106504361608,2024-09-13 22:14:16,TEMP_sensor,C
21.197063902616964,2024-09-13 22:14:41,TEMP_sensor,C
21.19823834157018,2024-09-13 22:15:06,TEMP_sensor,C
21.19894300494211,2024-09-13 22:15:31,TEMP_sensor,C
21.19894300494211,2024-09-13 22:15:56,TEMP_sensor,C
21.15961948177916,2024-09-13 22:16:21,TEMP_sensor,C
21.15961948177916,2024-09-13 22:16:46,TEMP_sensor,C
21.161463013440496,2024-09-13 22:17:11,TEMP_sensor,C
21.176877808064297,2024-09-13 22:17:36,TEMP_sensor,C
21.186126684838577,2024-09-13 22:18:01,TEMP_sensor,C
21.191676010903144,2024-09-13 22:18:26,TEMP_sensor,C
21.195005606541887,2024-09-13 22:18:51,TEMP_sensor,C
21.197003363925134,2024-09-13 22:19:16,TEMP_sensor,C
21.238202018355082,2024-09-13 22:19:41,TEMP_sensor,C
21.26292121101305,2024-09-13 22:20:06,TEMP_sensor,C
21.27775272660783,2024-09-13 22:20:31,TEMP_sensor,C
21.2866516359647,2024-09-13 22:20:56,TEMP_sensor,C
21.29199098157882,2024-09-13 22:21:21,TEMP_sensor,C
21.295194588947293,2024-09-13 22:21:46,TEMP_sensor,C
21.29711675336838,2024-09-13 22:22:11,TEMP_sensor,C
21.298270052021028,2024-09-13 22:22:36,TEMP_sensor,C
21.298962031212618,2024-09-13 22:23:01,TEMP_sensor,C
21.29937721872757,2024-09-13 22:23:26,TEMP_sensor,C
21.299626331236546,2024-09-13 22:23:51,TEMP_sensor,C
21.299775798741926,2024-09-13 22:24:16,TEMP_sensor,C
21.339865479245155,2024-09-13 22:24:41,TEMP_sensor,C
21.36391928754709,2024-09-13 22:25:06,TEMP_sensor,C
21.378351572528253,2024-09-13 22:25:31,TEMP_sensor,C
21.38701094351695,2024-09-13 22:25:56,TEMP_sensor,C
21.392206566110172,2024-09-13 22:26:21,TEMP_sensor,C
21.395323939666103,2024-09-13 22:26:46,TEMP_sensor,C
21.397194363799663,2024-09-13 22:27:11,TEMP_sensor,C
21.3983166182798,2024-09-13 22:27:36,TEMP_sensor,C
21.398989970967882,2024-09-13 22:28:01,TEMP_sensor,C
21.39939398258073,2024-09-13 22:28:26,TEMP_sensor,C
21.439636389548436,2024-09-13 22:28:51,TEMP_sensor,C
21.463781833729062,2024-09-13 22:29:16,TEMP_sensor,C
21.478269100237437,2024-09-13 22:29:41,TEMP_sensor,C
21.48696146014246,2024-09-13 22:30:06,TEMP_sensor,C
21.492176876085473,2024-09-13 22:30:31,TEMP_sensor,C
21.495306125651283,2024-09-13 22:30:56,TEMP_sensor,C
21.49718367539077,2024-09-13 22:31:21,TEMP_sensor,C
21.49831020523446,2024-09-13 22:31:46,TEMP_sensor,C
21.498986123140675,2024-09-13 22:32:11,TEMP_sensor,C
21.499391673884404,2024-09-13 22:32:36,TEMP_sensor,C
21.499635004330642,2024-09-13 22:33:01,TEMP_sensor,C
21.499781002598382,2024-09-13 22:33:26,TEMP_sensor,C
21.49986860155903,2024-09-13 22:33:51,TEMP_sensor,C
21.499921160935415,2024-09-13 22:34:16,TEMP_sensor,C
21.499952696561248,2024-09-13 22:34:41,TEMP_sensor,C
21.499971617936747,2024-09-13 22:35:06,TEMP_sensor,C
21.499982970762048,2024-09-13 22:35:31,TEMP_sensor,C
21.499989782457227,2024-09-13 22:35:56,TEMP_sensor,C
21.499993869474338,2024-09-13 22:36:21,TEMP_sensor,C
21.499996321684602,2024-09-13 22:36:46,TEMP_sensor,C
21.49999779301076,2024-09-13 22:37:11,TEMP_sensor,C
21.499998675806456,2024-09-13 22:37:36,TEMP_sensor,C
21.499999205483874,2024-09-13 22:38:01,TEMP_sensor,C
21.499999523290324,2024-09-13 22:38:26,TEMP_sensor,C
21.499999713974194,2024-09-13 22:38:51,TEMP_sensor,C
21.499999828384517,2024-09-13 22:39:16,TEMP_sensor,C
21.499999897030712,2024-09-13 22:39:41,TEMP_sensor,C
21.499999897030712,2024-09-13 22:40:06,TEMP_sensor,C
21.459999962931057,2024-09-13 22:40:31,TEMP_sensor,C
21.435999977758634,2024-09-13 22:40:56,TEMP_sensor,C
21.42159998665518,2024-09-13 22:41:21,TEMP_sensor,C
21.41295999199311,2024-09-13 22:41:46,TEMP_sensor,C
21.407775995195866,2024-09-13 22:42:11,TEMP_sensor,C
21.40466559711752,2024-09-13 22:42:36,TEMP_sensor,C
21.402799358270514,2024-09-13 22:43:01,TEMP_sensor,C
21.40167961496231,2024-09-13 22:43:26,TEMP_sensor,C
21.401007768977387,2024-09-13 22:43:51,TEMP_sensor,C
21.40060466138643,2024-09-13 22:44:16,TEMP_sensor,C
21.400362796831857,2024-09-13 22:44:41,TEMP_sensor,C
21.400217678099114,2024-09-13 22:45:06,TEMP_sensor,C
21.40013060685947,2024-09-13 22:45:31,TEMP_sensor,C
21.400078364115682,2024-09-13 22:45:56,TEMP_sensor,C
21.400047018469408,2024-09-13 22:46:21,TEMP_sensor,C
21.400028211081647,2024-09-13 22:46:46,TEMP_sensor,C
21.400016926648988,2024-09-13 22:47:11,TEMP_sensor,C
21.400010155989392,2024-09-13 22:47:36,TEMP_sensor,C
21.360006093593636,2024-09-13 22:48:01,TEMP_sensor,C
21.336003656156183,2024-09-13 22:48:26,TEMP_sensor,C
21.32160219369371,2024-09-13 22:48:51,TEMP_sensor,C
21.312961316216228,2024-09-13 22:49:16,TEMP_sensor,C
21.307776789729736,2024-09-13 22:49:41,TEMP_sensor,C
21.304666073837843,2024-09-13 22:50:06,TEMP_sensor,C
21.30279964430271,2024-09-13 22:50:31,TEMP_sensor,C
21.301679786581627,2024-09-13 22:50:56,TEMP_sensor,C
21.301007871948975,2024-09-13 22:51:21,TEMP_sensor,C
21.301007871948975,2024-09-13 22:51:46,TEMP_sensor,C
21.34036283390163,2024-09-13 22:52:11,TEMP_sensor,C
21.36421770034098,2024-09-13 22:52:36,TEMP_sensor,C
21.378530620204586,2024-09-13 22:53:01,TEMP_sensor,C
21.38711837212275,2024-09-13 22:53:26,TEMP_sensor,C
21.39227102327365,2024-09-13 22:53:51,TEMP_sensor,C
21.39536261396419,2024-09-13 22:54:16,TEMP_sensor,C
21.397217568378515,2024-09-13 22:54:41,TEMP_sensor,C
21.398330541027107,2024-09-13 22:55:06,TEMP_sensor,C
21.398998324616265,2024-09-13 22:55:31,TEMP_sensor,C
21.39939899476976,2024-09-13 22:55:56,TEMP_sensor,C
21.399639396861858,2024-09-13 22:56:21,TEMP_sensor,C
21.399783638117114,2024-09-13 22:56:46,TEMP_sensor,C
21.399870182870266,2024-09-13 22:57:11,TEMP_sensor,C
21.399922109722162,2024-09-13 22:57:36,TEMP_sensor,C
21.399953265833297,2024-09-13 22:58:01,TEMP_sensor,C
21.39997195949998,2024-09-13 22:58:26,TEMP_sensor,C
21.399983175699987,2024-09-13 22:58:51,TEMP_sensor,C
21.399989905419993,2024-09-13 22:59:16,TEMP_sensor,C
21.399993943251996,2024-09-13 22:59:41,TEMP_sensor,C
21.399996365951196,2024-09-13 23:00:06,TEMP_sensor,C
21.399997819570718,2024-09-13 23:00:31,TEMP_sensor,C
21.399998691742432,2024-09-13 23:00:56,TEMP_sensor,C
21.39999921504546,2024-09-13 23:01:21,TEMP_sensor,C
21.399999529027276,2024-09-13 23:01:46,TEMP_sensor,C
21.399999717416364,2024-09-13 23:02:11,TEMP_sensor,C
21.39999983044982,2024-09-13 23:02:36,TEMP_sensor,C
21.43999989826989,2024-09-13 23:03:01,TEMP_sensor,C
21.463999938961933,2024-09-13 23:03:26,TEMP_sensor,C
21.478399963377157,2024-09-13 23:03:51,TEMP_sensor,C
21.487039978026296,2024-09-13 23:04:16,TEMP_sensor,C
21.492223986815777,2024-09-13 23:04:41,TEMP_sensor,C
21.495334392089465,2024-09-13 23:05:06,TEMP_sensor,C
21.497200635253677,2024-09-13 23:05:31,TEMP_sensor,C
21.498320381152205,2024-09-13 23:05:56,TEMP_sensor,C
21.49899222869132,2024-09-13 23:06:21,TEMP_sensor,C
21.499395337214793,2024-09-13 23:06:46,TEMP_sensor,C
21.499637202328877,2024-09-13 23:07:11,TEMP_sensor,C
21.499782321397326,2024-09-13 23:07:36,TEMP_sensor,C
21.499869392838395,2024-09-13 23:08:01,TEMP_sensor,C
21.499921635703036,2024-09-13 23:08:26,TEMP_sensor,C
21.49995298142182,2024-09-13 23:08:51,TEMP_sensor,C
21.49997178885309,2024-09-13 23:09:16,TEMP_sensor,C
21.499983073311853,2024-09-13 23:09:41,TEMP_sensor,C
21.49998984398711,2024-09-13 23:10:06,TEMP_sensor,C
21.499993906392262,2024-09-13 23:10:31,TEMP_sensor,C
21.499996343835356,2024-09-13 23:10:56,TEMP_sensor,C
21.499997806301213,2024-09-13 23:11:21,TEMP_sensor,C
21.499998683780728,2024-09-13 23:11:46,TEMP_sensor,C
21.499999210268435,2024-09-13 23:12:11,TEMP_sensor,C
21.499999526161062,2024-09-13 23:12:36,TEMP_sensor,C
21.49999971569664,2024-09-13 23:13:01,TEMP_sensor,C
21.49999982941798,2024-09-13 23:13:26,TEMP_sensor,C
21.49999989765079,2024-09-13 23:13:51,TEMP_sensor,C
21.49999993859047,2024-09-13 23:14:16,TEMP_sensor,C
21.49999996315428,2024-09-13 23:14:41,TEMP_sensor,C
21.499999977892568,2024-09-13 23:15:06,TEMP_sensor,C
21.49999998673554,2024-09-13 23:15:31,TEMP_sensor,C
21.499999992041325,2024-09-13 23:15:56,TEMP_sensor,C
21.499999995224794,2024-09-13 23:16:21,TEMP_sensor,C
21.499999997134875,2024-09-13 23:16:46,TEMP_sensor,C
21.499999998280924,2024-09-13 23:17:11,TEMP_sensor,C
21.499999998968555,2024-09-13 23:17:36,TEMP_sensor,C
21.49999999938113,2024-09-13 23:18:01,TEMP_sensor,C
21.499999999628677,2024-09-13 23:18:26,TEMP_sensor,C
21.499999999777206,2024-09-13 23:18:51,TEMP_sensor,C
21.499999999866322,2024-09-13 23:19:16,TEMP_sensor,C
21.499999999919794,2024-09-13 23:19:41,TEMP_sensor,C
21.499999999951875,2024-09-13 23:20:06,TEMP_sensor,C
21.539999999971123,2024-09-13 23:20:31,TEMP_sensor,C
21.563999999982673,2024-09-13 23:20:56,TEMP_sensor,C
21.578399999989607,2024-09-13 23:21:21,TEMP_sensor,C
21.587039999993763,2024-09-13 23:21:46,TEMP_sensor,C
21.592223999996257,2024-09-13 23:22:11,TEMP_sensor,C
21.595334399997753,2024-09-13 23:22:36,TEMP_sensor,C
21.597200639998654,2024-09-13 23:23:01,TEMP_sensor,C
21.598320383999194,2024-09-13 23:23:26,TEMP_sensor,C
21.638992230399516,2024-09-13 23:23:51,TEMP_sensor,C
21.66339533823971,2024-09-13 23:24:16,TEMP_sensor,C
21.678037202943827,2024-09-13 23:24:41,TEMP_sensor,C
21.686822321766293,2024-09-13 23:25:06,TEMP_sensor,C
21.692093393059775,2024-09-13 23:25:31,TEMP_sensor,C
21.695256035835865,2024-09-13 23:25:56,TEMP_sensor,C
21.69715362150152,2024-09-13 23:26:21,TEMP_sensor,C
21.698292172900913,2024-09-13 23:26:46,TEMP_sensor,C
21.73897530374055,2024-09-13 23:27:11,TEMP_sensor,C
21.763385182244328,2024-09-13 23:27:36,TEMP_sensor,C
21.818031109346595,2024-09-13 23:28:01,TEMP_sensor,C
21.850818665607957,2024-09-13 23:28:26,TEMP_sensor,C
21.87049119936477,2024-09-13 23:28:51,TEMP_sensor,C
21.882294719618862,2024-09-13 23:29:16,TEMP_sensor,C
21.889376831771315,2024-09-13 23:29:41,TEMP_sensor,C
21.89362609906279,2024-09-13 23:30:06,TEMP_sensor,C
21.896175659437674,2024-09-13 23:30:31,TEMP_sensor,C
21.897705395662605,2024-09-13 23:30:56,TEMP_sensor,C
21.938623237397564,2024-09-13 23:31:21,TEMP_sensor,C
21.963173942438537,2024-09-13 23:31:46,TEMP_sensor,C
21.977904365463125,2024-09-13 23:32:11,TEMP_sensor,C
21.986742619277877,2024-09-13 23:32:36,TEMP_sensor,C
21.992045571566727,2024-09-13 23:33:01,TEMP_sensor,C
21.995227342940037,2024-09-13 23:33:26,TEMP_sensor,C
21.997136405764024,2024-09-13 23:33:51,TEMP_sensor,C
21.998281843458415,2024-09-13 23:34:16,TEMP_sensor,C
22.03896910607505,2024-09-13 23:34:41,TEMP_sensor,C
22.06338146364503,2024-09-13 23:35:06,TEMP_sensor,C
22.07802887818702,2024-09-13 23:35:31,TEMP_sensor,C
22.08681732691221,2024-09-13 23:35:56,TEMP_sensor,C
22.092090396147327,2024-09-13 23:36:21,TEMP_sensor,C
22.095254237688398,2024-09-13 23:36:46,TEMP_sensor,C
22.09715254261304,2024-09-13 23:37:11,TEMP_sensor,C
22.098291525567824,2024-09-13 23:37:36,TEMP_sensor,C
22.098974915340698,2024-09-13 23:38:01,TEMP_sensor,C
22.09938494920442,2024-09-13 23:38:26,TEMP_sensor,C
22.139630969522653,2024-09-13 23:38:51,TEMP_sensor,C
22.163778581713593,2024-09-13 23:39:16,TEMP_sensor,C
22.17826714902816,2024-09-13 23:39:41,TEMP_sensor,C
22.186960289416895,2024-09-13 23:40:06,TEMP_sensor,C
22.19217617365014,2024-09-13 23:40:31,TEMP_sensor,C
22.195305704190083,2024-09-13 23:40:56,TEMP_sensor,C
22.19718342251405,2024-09-13 23:41:21,TEMP_sensor,C
22.19831005350843,2024-09-13 23:41:46,TEMP_sensor,C
22.198986032105058,2024-09-13 23:42:11,TEMP_sensor,C
22.199391619263036,2024-09-13 23:42:36,TEMP_sensor,C
22.19963497155782,2024-09-13 23:43:01,TEMP_sensor,C
22.19978098293469,2024-09-13 23:43:26,TEMP_sensor,C
22.239868589760814,2024-09-13 23:43:51,TEMP_sensor,C
22.263921153856487,2024-09-13 23:44:16,TEMP_sensor,C
22.27835269231389,2024-09-13 23:44:41,TEMP_sensor,C
22.287011615388334,2024-09-13 23:45:06,TEMP_sensor,C
22.292206969233,2024-09-13 23:45:31,TEMP_sensor,C
22.295324181539797,2024-09-13 23:45:56,TEMP_sensor,C
22.29719450892388,2024-09-13 23:46:21,TEMP_sensor,C
22.298316705354328,2024-09-13 23:46:46,TEMP_sensor,C
22.298990023212596,2024-09-13 23:47:11,TEMP_sensor,C
22.299394013927557,2024-09-13 23:47:36,TEMP_sensor,C
22.299636408356534,2024-09-13 23:48:01,TEMP_sensor,C
22.299781845013918,2024-09-13 23:48:26,TEMP_sensor,C
22.299869107008348,2024-09-13 23:48:51,TEMP_sensor,C
22.299921464205006,2024-09-13 23:49:16,TEMP_sensor,C
22.299952878523,2024-09-13 23:49:41,TEMP_sensor,C
22.2999717271138,2024-09-13 23:50:06,TEMP_sensor,C
22.29998303626828,2024-09-13 23:50:31,TEMP_sensor,C
22.299989821760967,2024-09-13 23:50:56,TEMP_sensor,C
22.33999389305658,2024-09-13 23:51:21,TEMP_sensor,C
22.363996335833946,2024-09-13 23:51:46,TEMP_sensor,C
22.378397801500366,2024-09-13 23:52:11,TEMP_sensor,C
22.38703868090022,2024-09-13 23:52:36,TEMP_sensor,C
22.39222320854013,2024-09-13 23:53:01,TEMP_sensor,C
22.395333925124078,2024-09-13 23:53:26,TEMP_sensor,C
22.437200355074445,2024-09-13 23:53:51,TEMP_sensor,C
22.462320213044666,2024-09-13 23:54:16,TEMP_sensor,C
22.4773921278268,2024-09-13 23:54:41,TEMP_sensor,C
22.486435276696078,2024-09-13 23:55:06,TEMP_sensor,C
22.491861166017646,2024-09-13 23:55:31,TEMP_sensor,C
22.495116699610588,2024-09-13 23:55:56,TEMP_sensor,C
22.497070019766355,2024-09-13 23:56:21,TEMP_sensor,C
22.498242011859812,2024-09-13 23:56:46,TEMP_sensor,C
22.498945207115888,2024-09-13 23:57:11,TEMP_sensor,C
22.499367124269533,2024-09-13 23:57:36,TEMP_sensor,C
22.49962027456172,2024-09-13 23:58:01,TEMP_sensor,C
22.49977216473703,2024-09-13 23:58:26,TEMP_sensor,C
22.499863298842218,2024-09-13 23:58:51,TEMP_sensor,C
22.49991797930533,2024-09-13 23:59:16,TEMP_sensor,C
22.499950787583195,2024-09-13 23:59:41,TEMP_sensor,C
22.49997047254992,2024-09-14 00:00:06,TEMP_sensor,C
22.499982283529953,2024-09-14 00:00:31,TEMP_sensor,C
22.499989370117973,2024-09-14 00:00:56,TEMP_sensor,C
22.499993622070782,2024-09-14 00:01:21,TEMP_sensor,C
22.49999617324247,2024-09-14 00:01:46,TEMP_sensor,C
22.499997703945482,2024-09-14 00:02:11,TEMP_sensor,C
22.499998622367286,2024-09-14 00:02:36,TEMP_sensor,C
22.49999917342037,2024-09-14 00:03:01,TEMP_sensor,C
22.49999950405222,2024-09-14 00:03:26,TEMP_sensor,C
22.49999970243133,2024-09-14 00:03:51,TEMP_sensor,C
22.4999998214588,2024-09-14 00:04:16,TEMP_sensor,C
22.49999989287528,2024-09-14 00:04:41,TEMP_sensor,C
22.499999935725167,2024-09-14 00:05:06,TEMP_sensor,C
22.5399999614351,2024-09-14 00:05:31,TEMP_sensor,C
22.563999976861062,2024-09-14 00:05:56,TEMP_sensor,C
22.578399986116636,2024-09-14 00:06:21,TEMP_sensor,C
22.587039991669982,2024-09-14 00:06:46,TEMP_sensor,C
22.59222399500199,2024-09-14 00:07:11,TEMP_sensor,C
22.595334397001196,2024-09-14 00:07:37,TEMP_sensor,C
22.597200638200718,2024-09-14 00:08:02,TEMP_sensor,C
22.59832038292043,2024-09-14 00:08:27,TEMP_sensor,C
22.59899222975226,2024-09-14 00:08:52,TEMP_sensor,C
22.599395337851355,2024-09-14 00:09:17,TEMP_sensor,C
22.599637202710813,2024-09-14 00:09:42,TEMP_sensor,C
22.59978232162649,2024-09-14 00:10:07,TEMP_sensor,C
22.599869392975894,2024-09-14 00:10:32,TEMP_sensor,C
22.599921635785535,2024-09-14 00:10:57,TEMP_sensor,C
22.599952981471322,2024-09-14 00:11:22,TEMP_sensor,C
22.599971788882794,2024-09-14 00:11:47,TEMP_sensor,C
22.599983073329675,2024-09-14 00:12:12,TEMP_sensor,C
22.599989843997804,2024-09-14 00:12:37,TEMP_sensor,C
22.599993906398684,2024-09-14 00:13:02,TEMP_sensor,C
22.59999634383921,2024-09-14 00:13:27,TEMP_sensor,C
22.599997806303527,2024-09-14 00:13:52,TEMP_sensor,C
22.59999868378212,2024-09-14 00:14:17,TEMP_sensor,C
22.59999921026927,2024-09-14 00:14:42,TEMP_sensor,C
22.59999952616156,2024-09-14 00:15:07,TEMP_sensor,C
22.59999971569694,2024-09-14 00:15:32,TEMP_sensor,C
22.599999829418163,2024-09-14 00:15:57,TEMP_sensor,C
22.599999897650896,2024-09-14 00:16:22,TEMP_sensor,C
22.59999993859054,2024-09-14 00:16:47,TEMP_sensor,C
22.599999963154325,2024-09-14 00:17:12,TEMP_sensor,C
22.599999977892594,2024-09-14 00:17:37,TEMP_sensor,C
22.599999986735558,2024-09-14 00:18:02,TEMP_sensor,C
22.599999992041333,2024-09-14 00:18:27,TEMP_sensor,C
22.5999999952248,2024-09-14 00:18:52,TEMP_sensor,C
22.59999999713488,2024-09-14 00:19:17,TEMP_sensor,C
22.59999999828093,2024-09-14 00:19:42,TEMP_sensor,C
22.599999998968556,2024-09-14 00:20:07,TEMP_sensor,C
22.599999999381133,2024-09-14 00:20:32,TEMP_sensor,C
22.59999999962868,2024-09-14 00:20:57,TEMP_sensor,C
22.599999999777207,2024-09-14 00:21:22,TEMP_sensor,C
22.599999999866327,2024-09-14 00:21:47,TEMP_sensor,C
22.599999999919795,2024-09-14 00:22:12,TEMP_sensor,C
22.599999999951876,2024-09-14 00:22:37,TEMP_sensor,C
22.639999999971124,2024-09-14 00:23:02,TEMP_sensor,C
22.639999999971124,2024-09-14 00:23:27,TEMP_sensor,C
22.638399999989606,2024-09-14 00:23:52,TEMP_sensor,C
22.638399999989606,2024-09-14 00:24:17,TEMP_sensor,C
22.65382399999626,2024-09-14 00:24:42,TEMP_sensor,C
22.672294399997753,2024-09-14 00:25:07,TEMP_sensor,C
22.683376639998652,2024-09-14 00:25:32,TEMP_sensor,C
22.690025983999192,2024-09-14 00:25:57,TEMP_sensor,C
22.694015590399516,2024-09-14 00:26:22,TEMP_sensor,C
22.69640935423971,2024-09-14 00:26:47,TEMP_sensor,C
22.697845612543823,2024-09-14 00:27:12,TEMP_sensor,C
22.698707367526293,2024-09-14 00:27:37,TEMP_sensor,C
22.699224420515776,2024-09-14 00:28:02,TEMP_sensor,C
22.699534652309467,2024-09-14 00:28:27,TEMP_sensor,C
22.69972079138568,2024-09-14 00:28:52,TEMP_sensor,C
22.699832474831407,2024-09-14 00:29:17,TEMP_sensor,C
22.699899484898843,2024-09-14 00:29:42,TEMP_sensor,C
22.699939690939306,2024-09-14 00:30:07,TEMP_sensor,C
22.69996381456358,2024-09-14 00:30:32,TEMP_sensor,C
22.699978288738148,2024-09-14 00:30:57,TEMP_sensor,C
22.699986973242886,2024-09-14 00:31:22,TEMP_sensor,C
22.69999218394573,2024-09-14 00:31:47,TEMP_sensor,C
22.73999531036744,2024-09-14 00:32:12,TEMP_sensor,C
22.763997186220465,2024-09-14 00:32:37,TEMP_sensor,C
22.778398311732282,2024-09-14 00:33:02,TEMP_sensor,C
22.78703898703937,2024-09-14 00:33:27,TEMP_sensor,C
22.792223392223622,2024-09-14 00:33:52,TEMP_sensor,C
22.79533403533417,2024-09-14 00:34:17,TEMP_sensor,C
22.797200421200504,2024-09-14 00:34:42,TEMP_sensor,C
22.798320252720302,2024-09-14 00:35:07,TEMP_sensor,C
22.798992151632184,2024-09-14 00:35:32,TEMP_sensor,C
22.799395290979312,2024-09-14 00:35:57,TEMP_sensor,C
22.799637174587588,2024-09-14 00:36:22,TEMP_sensor,C
22.799782304752554,2024-09-14 00:36:47,TEMP_sensor,C
22.799869382851533,2024-09-14 00:37:12,TEMP_sensor,C
22.799921629710923,2024-09-14 00:37:37,TEMP_sensor,C
22.799952977826557,2024-09-14 00:38:02,TEMP_sensor,C
22.799971786695934,2024-09-14 00:38:27,TEMP_sensor,C
22.79998307201756,2024-09-14 00:38:52,TEMP_sensor,C
22.79998984321054,2024-09-14 00:39:17,TEMP_sensor,C
22.799993905926325,2024-09-14 00:39:42,TEMP_sensor,C
22.799996343555797,2024-09-14 00:40:07,TEMP_sensor,C
22.79999780613348,2024-09-14 00:40:32,TEMP_sensor,C
22.799998683680087,2024-09-14 00:40:57,TEMP_sensor,C
22.799999210208053,2024-09-14 00:41:22,TEMP_sensor,C
22.799999526124832,2024-09-14 00:41:47,TEMP_sensor,C
22.7999997156749,2024-09-14 00:42:12,TEMP_sensor,C
22.7999997156749,2024-09-14 00:42:37,TEMP_sensor,C
22.759999897642963,2024-09-14 00:43:02,TEMP_sensor,C
22.735999938585778,2024-09-14 00:43:27,TEMP_sensor,C
22.721599963151466,2024-09-14 00:43:52,TEMP_sensor,C
22.71295997789088,2024-09-14 00:44:17,TEMP_sensor,C
22.667775986734526,2024-09-14 00:44:42,TEMP_sensor,C
22.640665592040715,2024-09-14 00:45:07,TEMP_sensor,C
22.584399355224427,2024-09-14 00:45:32,TEMP_sensor,C
22.550639613134656,2024-09-14 00:45:57,TEMP_sensor,C
22.530383767880792,2024-09-14 00:46:22,TEMP_sensor,C
22.518230260728473,2024-09-14 00:46:47,TEMP_sensor,C
22.510938156437085,2024-09-14 00:47:12,TEMP_sensor,C
22.506562893862252,2024-09-14 00:47:37,TEMP_sensor,C
22.463937736317348,2024-09-14 00:48:02,TEMP_sensor,C
22.438362641790405,2024-09-14 00:48:27,TEMP_sensor,C
22.383017585074242,2024-09-14 00:48:52,TEMP_sensor,C
22.349810551044545,2024-09-14 00:49:17,TEMP_sensor,C
22.28988633062673,2024-09-14 00:49:42,TEMP_sensor,C
22.253931798376037,2024-09-14 00:50:07,TEMP_sensor,C
22.23235907902562,2024-09-14 00:50:32,TEMP_sensor,C
22.219415447415372,2024-09-14 00:50:57,TEMP_sensor,C
22.21164926844922,2024-09-14 00:51:22,TEMP_sensor,C
22.206989561069534,2024-09-14 00:51:47,TEMP_sensor,C
22.16419373664172,2024-09-14 00:52:12,TEMP_sensor,C
22.138516241985034,2024-09-14 00:52:37,TEMP_sensor,C
22.123109745191023,2024-09-14 00:53:02,TEMP_sensor,C
22.113865847114617,2024-09-14 00:53:27,TEMP_sensor,C
22.06831950826877,2024-09-14 00:53:52,TEMP_sensor,C
22.040991704961264,2024-09-14 00:54:17,TEMP_sensor,C
22.02459502297676,2024-09-14 00:54:42,TEMP_sensor,C
22.01475701378606,2024-09-14 00:55:07,TEMP_sensor,C
21.968854208271637,2024-09-14 00:55:32,TEMP_sensor,C
21.94131252496298,2024-09-14 00:55:57,TEMP_sensor,C
21.924787514977787,2024-09-14 00:56:22,TEMP_sensor,C
21.914872508986672,2024-09-14 00:56:47,TEMP_sensor,C
21.908923505392004,2024-09-14 00:57:12,TEMP_sensor,C
21.9053541032352,2024-09-14 00:57:37,TEMP_sensor,C
21.90321246194112,2024-09-14 00:58:02,TEMP_sensor,C
21.90192747716467,2024-09-14 00:58:27,TEMP_sensor,C
21.861156486298803,2024-09-14 00:58:52,TEMP_sensor,C
21.836693891779284,2024-09-14 00:59:17,TEMP_sensor,C
21.82201633506757,2024-09-14 00:59:42,TEMP_sensor,C
21.813209801040543,2024-09-14 01:00:07,TEMP_sensor,C
21.767925880624325,2024-09-14 01:00:32,TEMP_sensor,C
21.740755528374592,2024-09-14 01:00:57,TEMP_sensor,C
21.724453317024754,2024-09-14 01:01:22,TEMP_sensor,C
21.714671990214853,2024-09-14 01:01:47,TEMP_sensor,C
21.668803194128913,2024-09-14 01:02:12,TEMP_sensor,C
21.641281916477347,2024-09-14 01:02:37,TEMP_sensor,C
21.584769149886405,2024-09-14 01:03:02,TEMP_sensor,C
21.55086148993184,2024-09-14 01:03:27,TEMP_sensor,C
21.530516893959103,2024-09-14 01:03:52,TEMP_sensor,C
21.51831013637546,2024-09-14 01:04:17,TEMP_sensor,C
21.470986081825277,2024-09-14 01:04:42,TEMP_sensor,C
21.442591649095167,2024-09-14 01:05:07,TEMP_sensor,C
21.4255549894571,2024-09-14 01:05:32,TEMP_sensor,C
21.415332993674262,2024-09-14 01:05:57,TEMP_sensor,C
21.36919979620456,2024-09-14 01:06:22,TEMP_sensor,C
21.341519877722735,2024-09-14 01:06:47,TEMP_sensor,C
21.324911926633643,2024-09-14 01:07:12,TEMP_sensor,C
21.314947155980185,2024-09-14 01:07:37,TEMP_sensor,C
21.308968293588112,2024-09-14 01:08:02,TEMP_sensor,C
21.30538097615287,2024-09-14 01:08:27,TEMP_sensor,C
21.30322858569172,2024-09-14 01:08:52,TEMP_sensor,C
21.301937151415032,2024-09-14 01:09:17,TEMP_sensor,C
21.30116229084902,2024-09-14 01:09:42,TEMP_sensor,C
21.30069737450941,2024-09-14 01:10:07,TEMP_sensor,C
21.260418424705648,2024-09-14 01:10:32,TEMP_sensor,C
21.23625105482339,2024-09-14 01:10:57,TEMP_sensor,C
21.221750632894036,2024-09-14 01:11:22,TEMP_sensor,C
21.213050379736423,2024-09-14 01:11:47,TEMP_sensor,C
21.207830227841853,2024-09-14 01:12:12,TEMP_sensor,C
21.20469813670511,2024-09-14 01:12:37,TEMP_sensor,C
21.202818882023067,2024-09-14 01:13:02,TEMP_sensor,C
21.20169132921384,2024-09-14 01:13:27,TEMP_sensor,C
21.201014797528302,2024-09-14 01:13:52,TEMP_sensor,C
21.20060887851698,2024-09-14 01:14:17,TEMP_sensor,C
21.20036532711019,2024-09-14 01:14:42,TEMP_sensor,C
21.200219196266115,2024-09-14 01:15:07,TEMP_sensor,C
21.16013151775967,2024-09-14 01:15:32,TEMP_sensor,C
21.136078910655804,2024-09-14 01:15:57,TEMP_sensor,C
21.121647346393484,2024-09-14 01:16:22,TEMP_sensor,C
21.11298840783609,2024-09-14 01:16:47,TEMP_sensor,C
21.10779304470166,2024-09-14 01:17:12,TEMP_sensor,C
21.104675826820994,2024-09-14 01:17:37,TEMP_sensor,C
21.1028054960926,2024-09-14 01:18:02,TEMP_sensor,C
21.101683297655562,2024-09-14 01:18:27,TEMP_sensor,C
21.10100997859334,2024-09-14 01:18:52,TEMP_sensor,C
21.100605987156005,2024-09-14 01:19:17,TEMP_sensor,C
21.100363592293604,2024-09-14 01:19:42,TEMP_sensor,C
21.10021815537616,2024-09-14 01:20:07,TEMP_sensor,C
21.100130893225696,2024-09-14 01:20:32,TEMP_sensor,C
21.100078535935417,2024-09-14 01:20:57,TEMP_sensor,C
21.100047121561254,2024-09-14 01:21:22,TEMP_sensor,C
21.100028272936754,2024-09-14 01:21:47,TEMP_sensor,C
21.10001696376205,2024-09-14 01:22:12,TEMP_sensor,C
21.100010178257232,2024-09-14 01:22:37,TEMP_sensor,C
21.06000610695434,2024-09-14 01:23:02,TEMP_sensor,C
21.036003664172604,2024-09-14 01:23:27,TEMP_sensor,C
21.02160219850356,2024-09-14 01:23:52,TEMP_sensor,C
21.01296131910214,2024-09-14 01:24:17,TEMP_sensor,C
21.007776791461282,2024-09-14 01:24:42,TEMP_sensor,C
21.00466607487677,2024-09-14 01:25:07,TEMP_sensor,C
21.002799644926064,2024-09-14 01:25:32,TEMP_sensor,C
21.001679786955638,2024-09-14 01:25:57,TEMP_sensor,C
21.001007872173382,2024-09-14 01:26:22,TEMP_sensor,C
21.00060472330403,2024-09-14 01:26:47,TEMP_sensor,C
21.000362833982418,2024-09-14 01:27:12,TEMP_sensor,C
21.00021770038945,2024-09-14 01:27:37,TEMP_sensor,C
21.00013062023367,2024-09-14 01:28:02,TEMP_sensor,C
21.0000783721402,2024-09-14 01:28:27,TEMP_sensor,C
21.00004702328412,2024-09-14 01:28:52,TEMP_sensor,C
21.000028213970474,2024-09-14 01:29:17,TEMP_sensor,C
20.96001692838228,2024-09-14 01:29:42,TEMP_sensor,C
20.936010157029365,2024-09-14 01:30:07,TEMP_sensor,C
20.921606094217616,2024-09-14 01:30:57,TEMP_sensor,C
20.912963656530568,2024-09-14 01:30:32,TEMP_sensor,C
20.90777819391834,2024-09-14 01:31:22,TEMP_sensor,C
20.904666916351005,2024-09-14 01:31:47,TEMP_sensor,C
20.902800149810602,2024-09-14 01:32:12,TEMP_sensor,C
20.901680089886362,2024-09-14 01:32:37,TEMP_sensor,C
20.901008053931818,2024-09-14 01:33:02,TEMP_sensor,C
20.90060483235909,2024-09-14 01:33:27,TEMP_sensor,C
20.900362899415455,2024-09-14 01:33:52,TEMP_sensor,C
20.90021773964927,2024-09-14 01:34:17,TEMP_sensor,C
20.90013064378956,2024-09-14 01:34:42,TEMP_sensor,C
20.900078386273734,2024-09-14 01:35:07,TEMP_sensor,C
20.900047031764238,2024-09-14 01:35:32,TEMP_sensor,C
20.90002821905854,2024-09-14 01:35:57,TEMP_sensor,C
20.900016931435125,2024-09-14 01:36:22,TEMP_sensor,C
20.900010158861072,2024-09-14 01:36:47,TEMP_sensor,C
20.90000609531664,2024-09-14 01:37:12,TEMP_sensor,C
20.860003657189985,2024-09-14 01:37:37,TEMP_sensor,C
20.860003657189985,2024-09-14 01:38:02,TEMP_sensor,C
20.86160131658839,2024-09-14 01:38:27,TEMP_sensor,C
20.86160131658839,2024-09-14 01:38:52,TEMP_sensor,C
20.846176473971816,2024-09-14 01:39:17,TEMP_sensor,C
20.82770588438309,2024-09-14 01:39:42,TEMP_sensor,C
20.816623530629855,2024-09-14 01:40:07,TEMP_sensor,C
20.809974118377912,2024-09-14 01:40:32,TEMP_sensor,C
20.805984471026747,2024-09-14 01:40:57,TEMP_sensor,C
20.803590682616047,2024-09-14 01:41:22,TEMP_sensor,C
20.802154409569628,2024-09-14 01:41:47,TEMP_sensor,C
20.801292645741775,2024-09-14 01:42:12,TEMP_sensor,C
20.800775587445067,2024-09-14 01:42:37,TEMP_sensor,C
20.80046535246704,2024-09-14 01:43:02,TEMP_sensor,C
20.800279211480223,2024-09-14 01:43:27,TEMP_sensor,C
20.80016752688813,2024-09-14 01:43:52,TEMP_sensor,C
20.80010051613288,2024-09-14 01:44:17,TEMP_sensor,C
20.80006030967973,2024-09-14 01:44:42,TEMP_sensor,C
20.800036185807837,2024-09-14 01:45:07,TEMP_sensor,C
20.800021711484703,2024-09-14 01:45:32,TEMP_sensor,C
20.800013026890824,2024-09-14 01:45:57,TEMP_sensor,C
20.800007816134496,2024-09-14 01:46:22,TEMP_sensor,C
20.7600046896807,2024-09-14 01:46:47,TEMP_sensor,C
20.73600281380842,2024-09-14 01:47:12,TEMP_sensor,C
20.72160168828505,2024-09-14 01:47:37,TEMP_sensor,C
20.71296101297103,2024-09-14 01:48:02,TEMP_sensor,C
20.707776607782616,2024-09-14 01:48:27,TEMP_sensor,C
20.70466596466957,2024-09-14 01:48:52,TEMP_sensor,C
20.70279957880174,2024-09-14 01:49:17,TEMP_sensor,C
20.701679747281045,2024-09-14 01:49:42,TEMP_sensor,C
20.701007848368626,2024-09-14 01:50:07,TEMP_sensor,C
20.700604709021174,2024-09-14 01:50:32,TEMP_sensor,C
20.700362825412704,2024-09-14 01:50:57,TEMP_sensor,C
20.700217695247623,2024-09-14 01:51:22,TEMP_sensor,C
20.700130617148574,2024-09-14 01:51:47,TEMP_sensor,C
20.70007837028914,2024-09-14 01:52:12,TEMP_sensor,C
20.700047022173486,2024-09-14 01:52:37,TEMP_sensor,C
20.70002821330409,2024-09-14 01:53:02,TEMP_sensor,C
20.700016927982453,2024-09-14 01:53:27,TEMP_sensor,C
20.70001015678947,2024-09-14 01:53:52,TEMP_sensor,C
20.700006094073682,2024-09-14 01:54:17,TEMP_sensor,C
20.70000365644421,2024-09-14 01:54:42,TEMP_sensor,C
20.700002193866524,2024-09-14 01:55:07,TEMP_sensor,C
20.700001316319913,2024-09-14 01:55:32,TEMP_sensor,C
20.700000789791947,2024-09-14 01:55:57,TEMP_sensor,C
20.700000473875168,2024-09-14 01:56:22,TEMP_sensor,C
20.7000002843251,2024-09-14 01:56:47,TEMP_sensor,C
20.70000017059506,2024-09-14 01:57:12,TEMP_sensor,C
20.700000102357038,2024-09-14 01:57:37,TEMP_sensor,C
20.700000061414222,2024-09-14 01:58:02,TEMP_sensor,C
20.700000036848532,2024-09-14 01:58:27,TEMP_sensor,C
20.70000002210912,2024-09-14 01:58:52,TEMP_sensor,C
20.66000001326547,2024-09-14 01:59:17,TEMP_sensor,C
20.636000007959282,2024-09-14 01:59:42,TEMP_sensor,C
20.62160000477557,2024-09-14 02:00:07,TEMP_sensor,C
20.612960002865343,2024-09-14 02:00:32,TEMP_sensor,C
20.607776001719206,2024-09-14 02:00:57,TEMP_sensor,C
20.604665601031524,2024-09-14 02:01:22,TEMP_sensor,C
20.602799360618913,2024-09-14 02:01:47,TEMP_sensor,C
20.60167961637135,2024-09-14 02:02:12,TEMP_sensor,C
20.601007769822807,2024-09-14 02:02:37,TEMP_sensor,C
20.600604661893684,2024-09-14 02:03:02,TEMP_sensor,C
20.60036279713621,2024-09-14 02:03:27,TEMP_sensor,C
20.600217678281727,2024-09-14 02:03:52,TEMP_sensor,C
20.600130606969035,2024-09-14 02:04:17,TEMP_sensor,C
20.60007836418142,2024-09-14 02:04:42,TEMP_sensor,C
20.600047018508853,2024-09-14 02:05:07,TEMP_sensor,C
20.60002821110531,2024-09-14 02:05:32,TEMP_sensor,C
20.600016926663187,2024-09-14 02:05:57,TEMP_sensor,C
20.6,2024-09-14 02:06:22,TEMP_sensor,C
